run_id,key,catalog,id,slot,file,source_path,preview_path,sheet_id,cell_index,baseline_source_sha256,baseline_preview_sha256,anatomy,text,feasible_state,style_identity,composition,contrast,forbidden_content,provenance,decision,reason,current_source_sha256,current_preview_sha256
design-isms-20260717-02,ism:minimalism:0:landing.png,ism,minimalism,0,landing.png,assets/images/minimalism/landing.png,assets/images/thumbs/minimalism/landing.webp,ism-slot-0,0,fe58a3d8d872c40790940491a98cc4e827394c80d6e38167b9a760eeefaa8061,65ad1d6f0d7aae51fb83495fa5f1f54d265f44a5a252e39d9065d98ea7784dce,pass,pass,pass,pass,pass,pass,fail,pass,replace,Visible browser window controls and address chrome violate the catalog prompt.,4d3deb9698a55b01ec34fde20c6b3dfc8c6acde1ddfe5f76220ff42b53b61a15,292d4eca6c43ffe950a61487dbfcdfd39a66b9423dcf02b5cd234543c3b8a6e6
design-isms-20260717-02,ism:minimalism:1:shop.png,ism,minimalism,1,shop.png,assets/images/minimalism/shop.png,assets/images/thumbs/minimalism/shop.webp,ism-slot-1,0,d141a4fa9a707277032ac00467c637d2cca12fc524427daed309cd10fd23d73b,2e63fa3896c1b9ca78823bcd54fd7857ff61c5e3c9e4c190354dbe7e884e7b26,pass,pass,pass,pass,pass,pass,pass,pass,keep,Baseline sheet reviewed; no rubric defect observed.,d141a4fa9a707277032ac00467c637d2cca12fc524427daed309cd10fd23d73b,2e63fa3896c1b9ca78823bcd54fd7857ff61c5e3c9e4c190354dbe7e884e7b26
design-isms-20260717-02,ism:minimalism:2:portfolio.png,ism,minimalism,2,portfolio.png,assets/images/minimalism/portfolio.png,assets/images/thumbs/minimalism/portfolio.webp,ism-slot-2,0,b80a28a559cd029a8cb805fa1de1d793fc433298fe02e8fbafa503cac0cfbdc9,4238a11ed4353406982c69e143ff6b7035fc0edf430c4794626f325dff79ab0e,pass,pass,pass,pass,pass,pass,pass,pass,keep,Baseline sheet reviewed; no rubric defect observed.,b80a28a559cd029a8cb805fa1de1d793fc433298fe02e8fbafa503cac0cfbdc9,4238a11ed4353406982c69e143ff6b7035fc0edf430c4794626f325dff79ab0e
design-isms-20260717-02,ism:bauhaus:0:landing.png,ism,bauhaus,0,landing.png,assets/images/bauhaus/landing.png,assets/images/thumbs/bauhaus/landing.webp,ism-slot-0,1,bfc935893b58ee83477a6042a2d0bfe6f99df4ab29f0d89ff168517e0187f0b6,cfbc5b47c81cb034756b9af149c3ad22f08b6da29b6df31311069b906c992cf9,pass,pass,pass,pass,pass,pass,pass,pass,keep,Baseline sheet reviewed; no rubric defect observed.,bfc935893b58ee83477a6042a2d0bfe6f99df4ab29f0d89ff168517e0187f0b6,cfbc5b47c81cb034756b9af149c3ad22f08b6da29b6df31311069b906c992cf9
design-isms-20260717-02,ism:bauhaus:1:gallery.png,ism,bauhaus,1,gallery.png,assets/images/bauhaus/gallery.png,assets/images/thumbs/bauhaus/gallery.webp,ism-slot-1,1,1bde5dbc4fa33eeb84e6c1dd6d8ef66caff44b779e4e15b689490d23ecf30e1e,6fd27314ae519a2d49796c773e85157e3e01e2e9b0d48171b8429e64766c83a9,pass,pass,pass,pass,pass,pass,pass,pass,keep,Baseline sheet reviewed; no rubric defect observed.,1bde5dbc4fa33eeb84e6c1dd6d8ef66caff44b779e4e15b689490d23ecf30e1e,6fd27314ae519a2d49796c773e85157e3e01e2e9b0d48171b8429e64766c83a9
design-isms-20260717-02,ism:bauhaus:2:shop.png,ism,bauhaus,2,shop.png,assets/images/bauhaus/shop.png,assets/images/thumbs/bauhaus/shop.webp,ism-slot-2,1,2b1220c8efadf2bacf88c9d08ec3a65d34a1a21a5a8860f5c81afd59822b2892,758486d1a043d69ced9f78ffc46eeb50aebf8e1719bfb118560323d183768b60,pass,pass,pass,pass,pass,pass,pass,pass,keep,Baseline sheet reviewed; no rubric defect observed.,2b1220c8efadf2bacf88c9d08ec3a65d34a1a21a5a8860f5c81afd59822b2892,758486d1a043d69ced9f78ffc46eeb50aebf8e1719bfb118560323d183768b60
design-isms-20260717-02,ism:flat-design:0:landing.png,ism,flat-design,0,landing.png,assets/images/flat-design/landing.png,assets/images/thumbs/flat-design/landing.webp,ism-slot-0,2,647b2a6549539aa8f2f9a309f40e86cc45269d7c32481e2a7385aaea76277a6d,c9b18bc79f92b82f1c97ee4946a9383c3f8309489173dfb679f61a0db79a802c,pass,pass,pass,pass,pass,pass,pass,pass,keep,Baseline sheet reviewed; no rubric defect observed.,647b2a6549539aa8f2f9a309f40e86cc45269d7c32481e2a7385aaea76277a6d,c9b18bc79f92b82f1c97ee4946a9383c3f8309489173dfb679f61a0db79a802c
design-isms-20260717-02,ism:flat-design:1:dashboard.png,ism,flat-design,1,dashboard.png,assets/images/flat-design/dashboard.png,assets/images/thumbs/flat-design/dashboard.webp,ism-slot-1,2,482eabcf9eebe7dbed9702ed2fdbc5e41dd4d841bd6fddd30ae2b091feee36d7,aae4747d67a143a474bc04deea20cac93b47500ccbbb853a7046f81a80f46b11,pass,pass,pass,pass,pass,pass,pass,pass,keep,Baseline sheet reviewed; no rubric defect observed.,482eabcf9eebe7dbed9702ed2fdbc5e41dd4d841bd6fddd30ae2b091feee36d7,aae4747d67a143a474bc04deea20cac93b47500ccbbb853a7046f81a80f46b11
design-isms-20260717-02,ism:flat-design:2:mobile-app.png,ism,flat-design,2,mobile-app.png,assets/images/flat-design/mobile-app.png,assets/images/thumbs/flat-design/mobile-app.webp,ism-slot-2,2,75714d172d87af4c7ce23d56f97b62ad3e8038e983116392d8022199e07beadd,891f604eb49cab3d640cf1990905ade7de91e5ac14ba95f9aedbde6119df514a,pass,pass,pass,pass,pass,pass,pass,pass,keep,Baseline sheet reviewed; no rubric defect observed.,75714d172d87af4c7ce23d56f97b62ad3e8038e983116392d8022199e07beadd,891f604eb49cab3d640cf1990905ade7de91e5ac14ba95f9aedbde6119df514a
design-isms-20260717-02,ism:material-design:0:landing.png,ism,material-design,0,landing.png,assets/images/material-design/landing.png,assets/images/thumbs/material-design/landing.webp,ism-slot-0,3,039438ca29b5c5655a177cfafba13d2f8f572669f518b2a7617ee4ace79300c2,a4cd7f9d2b4673a8fccd8b580bbee511bf00824c8636bb2a479a41afceb93f7b,pass,pass,pass,pass,pass,pass,pass,pass,keep,Baseline sheet reviewed; no rubric defect observed.,039438ca29b5c5655a177cfafba13d2f8f572669f518b2a7617ee4ace79300c2,a4cd7f9d2b4673a8fccd8b580bbee511bf00824c8636bb2a479a41afceb93f7b
design-isms-20260717-02,ism:material-design:1:email-app.png,ism,material-design,1,email-app.png,assets/images/material-design/email-app.png,assets/images/thumbs/material-design/email-app.webp,ism-slot-1,3,c6e2df84092f449e7a5daefabad6172bdd72d7270db72c59089d50adcf9ecf4f,9d00e3bb1e5888588d615f3c163269945e4c43b1119e267b5100257850feada6,pass,pass,pass,pass,pass,pass,pass,pass,keep,Baseline sheet reviewed; no rubric defect observed.,c6e2df84092f449e7a5daefabad6172bdd72d7270db72c59089d50adcf9ecf4f,9d00e3bb1e5888588d615f3c163269945e4c43b1119e267b5100257850feada6
design-isms-20260717-02,ism:material-design:2:shop.png,ism,material-design,2,shop.png,assets/images/material-design/shop.png,assets/images/thumbs/material-design/shop.webp,ism-slot-2,3,a1ff2abdfe59947951be9ea53131101d704c00e80abe3b48df2c7cb9a7a10c93,c7b90281c019b6eaae17f4efe9181f6eb80ccca034075d29aa0285a3d55124b1,pass,pass,pass,pass,pass,pass,pass,pass,keep,Baseline sheet reviewed; no rubric defect observed.,a1ff2abdfe59947951be9ea53131101d704c00e80abe3b48df2c7cb9a7a10c93,c7b90281c019b6eaae17f4efe9181f6eb80ccca034075d29aa0285a3d55124b1
design-isms-20260717-02,ism:art-deco:0:landing.png,ism,art-deco,0,landing.png,assets/images/art-deco/landing.png,assets/images/thumbs/art-deco/landing.webp,ism-slot-0,4,ccc2a9ada5e1e4fe88528f3a01901d8b21b26287a32e38ce2bb19349a249e956,6c7c6ca88fc764f8cc14a8546ab3ff72b7a7283adc8cdf64a9e4d01487ad4fa8,pass,pass,pass,pass,pass,pass,pass,pass,keep,Baseline sheet reviewed; no rubric defect observed.,ccc2a9ada5e1e4fe88528f3a01901d8b21b26287a32e38ce2bb19349a249e956,6c7c6ca88fc764f8cc14a8546ab3ff72b7a7283adc8cdf64a9e4d01487ad4fa8
design-isms-20260717-02,ism:art-deco:1:hotel.png,ism,art-deco,1,hotel.png,assets/images/art-deco/hotel.png,assets/images/thumbs/art-deco/hotel.webp,ism-slot-1,4,4abc9ef99fbbbb8371261a5c965e0caf1a378ea98b044a926dc1b87837f3f747,e3f2ab847966b33c916f37ef8995074e97336c158150a6a4090ccfca5202c6c0,pass,pass,pass,pass,pass,pass,pass,pass,keep,Baseline sheet reviewed; no rubric defect observed.,4abc9ef99fbbbb8371261a5c965e0caf1a378ea98b044a926dc1b87837f3f747,e3f2ab847966b33c916f37ef8995074e97336c158150a6a4090ccfca5202c6c0
design-isms-20260717-02,ism:art-deco:2:invitation.png,ism,art-deco,2,invitation.png,assets/images/art-deco/invitation.png,assets/images/thumbs/art-deco/invitation.webp,ism-slot-2,4,08f4feed4cc92c4311e0bb3a02295ba88486dcf8bb3d66b87a4ffb7f170ccc5e,cb9531571277a1cffa06c83f0803bfc4af20ce77c701eac6a672898b8972ef1d,pass,pass,pass,pass,pass,pass,pass,pass,keep,Baseline sheet reviewed; no rubric defect observed.,08f4feed4cc92c4311e0bb3a02295ba88486dcf8bb3d66b87a4ffb7f170ccc5e,cb9531571277a1cffa06c83f0803bfc4af20ce77c701eac6a672898b8972ef1d
design-isms-20260717-02,ism:swiss-style:0:poster.png,ism,swiss-style,0,poster.png,assets/images/swiss-style/poster.png,assets/images/thumbs/swiss-style/poster.webp,ism-slot-0,5,3b4864b3715c6b448d385e275d5a8b0ae973ef4ce7401d96417f2103e3976035,632f8d6b05da1cd7e6db8a2c55d4be83b2f3dc7b469eedf0a9cf3c3e910dc5bf,pass,pass,pass,pass,pass,pass,pass,pass,keep,Baseline sheet reviewed; no rubric defect observed.,3b4864b3715c6b448d385e275d5a8b0ae973ef4ce7401d96417f2103e3976035,632f8d6b05da1cd7e6db8a2c55d4be83b2f3dc7b469eedf0a9cf3c3e910dc5bf
design-isms-20260717-02,ism:swiss-style:1:corporate.png,ism,swiss-style,1,corporate.png,assets/images/swiss-style/corporate.png,assets/images/thumbs/swiss-style/corporate.webp,ism-slot-1,5,13e507e6540bb2f6db9067470091710a312550efdd4538e7696e3b853f3f47b7,b68fe8c864282d4f5d3dcee14d0cc5c79806535861233432c481025d96706ab4,pass,pass,pass,pass,pass,pass,pass,pass,keep,Baseline sheet reviewed; no rubric defect observed.,13e507e6540bb2f6db9067470091710a312550efdd4538e7696e3b853f3f47b7,b68fe8c864282d4f5d3dcee14d0cc5c79806535861233432c481025d96706ab4
design-isms-20260717-02,ism:swiss-style:2:magazine.png,ism,swiss-style,2,magazine.png,assets/images/swiss-style/magazine.png,assets/images/thumbs/swiss-style/magazine.webp,ism-slot-2,5,906455dff153e016c48bc33e4ba0fbc74b2316012bec460c37a5f2b22f5d1f2e,66058f6da1d6dd31e33fbfc913ae40f6d27ae918a2b96c67b50771022eba0314,pass,pass,pass,pass,pass,pass,pass,pass,keep,Baseline sheet reviewed; no rubric defect observed.,906455dff153e016c48bc33e4ba0fbc74b2316012bec460c37a5f2b22f5d1f2e,66058f6da1d6dd31e33fbfc913ae40f6d27ae918a2b96c67b50771022eba0314
design-isms-20260717-02,ism:brutalism:0:landing.png,ism,brutalism,0,landing.png,assets/images/brutalism/landing.png,assets/images/thumbs/brutalism/landing.webp,ism-slot-0,6,18057ee273dd52c579af353030b11e1377c82c3eaa6dbc00712b4ed474338f93,5daab75065447dbabd20a0cf5f265314513ef32d9b7eaf51e4998dc9435fdec4,pass,pass,pass,pass,pass,pass,pass,pass,keep,Baseline sheet reviewed; no rubric defect observed.,18057ee273dd52c579af353030b11e1377c82c3eaa6dbc00712b4ed474338f93,5daab75065447dbabd20a0cf5f265314513ef32d9b7eaf51e4998dc9435fdec4
design-isms-20260717-02,ism:brutalism:1:shop.png,ism,brutalism,1,shop.png,assets/images/brutalism/shop.png,assets/images/thumbs/brutalism/shop.webp,ism-slot-1,6,60261e85882a28d25785475c01574c4e89a756c9d273254426fc5ff7cd5568f0,4fd13856e2e4ca44448dd7370e4c2505f957efe717a01432024b2618b8940145,pass,pass,pass,pass,pass,pass,pass,pass,keep,Baseline sheet reviewed; no rubric defect observed.,60261e85882a28d25785475c01574c4e89a756c9d273254426fc5ff7cd5568f0,4fd13856e2e4ca44448dd7370e4c2505f957efe717a01432024b2618b8940145
design-isms-20260717-02,ism:brutalism:2:blog.png,ism,brutalism,2,blog.png,assets/images/brutalism/blog.png,assets/images/thumbs/brutalism/blog.webp,ism-slot-2,6,fe3ad6c5d7d6ffc56deb8c978fc80024d6852b072fc0dcfcca054cae5c272c96,827393bec61596bbc1dc19a2f552857ddcb9136e324dc8e751bdac91f5ccce02,pass,pass,pass,pass,pass,pass,pass,pass,keep,Baseline sheet reviewed; no rubric defect observed.,fe3ad6c5d7d6ffc56deb8c978fc80024d6852b072fc0dcfcca054cae5c272c96,827393bec61596bbc1dc19a2f552857ddcb9136e324dc8e751bdac91f5ccce02
design-isms-20260717-02,ism:skeuomorphism:0:calculator.png,ism,skeuomorphism,0,calculator.png,assets/images/skeuomorphism/calculator.png,assets/images/thumbs/skeuomorphism/calculator.webp,ism-slot-0,7,dcde7ba559e728148ff4cfaf56a36c2d7429ac2ef00f169b961542c392523844,7e30515f00d6dedc3c89b02dad6ddf2b25f6f93128aad89aae706845c242b9f4,pass,pass,pass,pass,pass,pass,pass,pass,keep,Baseline sheet reviewed; no rubric defect observed.,dcde7ba559e728148ff4cfaf56a36c2d7429ac2ef00f169b961542c392523844,7e30515f00d6dedc3c89b02dad6ddf2b25f6f93128aad89aae706845c242b9f4
design-isms-20260717-02,ism:skeuomorphism:1:notepad.png,ism,skeuomorphism,1,notepad.png,assets/images/skeuomorphism/notepad.png,assets/images/thumbs/skeuomorphism/notepad.webp,ism-slot-1,7,7e93d1b3fffd40eb7cfe7d0ed0bd14dfc95ac5364e23e6948c38cbda64132832,9fd5e7f3cc069ae09c54acca9169c220c97a4bf33b6bc1cd4d10f45a5f9658c4,pass,pass,pass,pass,pass,pass,pass,pass,keep,Baseline sheet reviewed; no rubric defect observed.,7e93d1b3fffd40eb7cfe7d0ed0bd14dfc95ac5364e23e6948c38cbda64132832,9fd5e7f3cc069ae09c54acca9169c220c97a4bf33b6bc1cd4d10f45a5f9658c4
design-isms-20260717-02,ism:skeuomorphism:2:bookshelf.png,ism,skeuomorphism,2,bookshelf.png,assets/images/skeuomorphism/bookshelf.png,assets/images/thumbs/skeuomorphism/bookshelf.webp,ism-slot-2,7,c9e80a866850b8b96bc05d232a75afceffbd7ac0f85401af5e7c4630b8c08d21,5bf6821e8ce0f40f2b560bdc5dc3cdec8011e7f1187a61d55035d37d1d419fcd,pass,pass,pass,pass,pass,pass,pass,pass,keep,Baseline sheet reviewed; no rubric defect observed.,c9e80a866850b8b96bc05d232a75afceffbd7ac0f85401af5e7c4630b8c08d21,5bf6821e8ce0f40f2b560bdc5dc3cdec8011e7f1187a61d55035d37d1d419fcd
design-isms-20260717-02,ism:dark-mode:0:dashboard.png,ism,dark-mode,0,dashboard.png,assets/images/dark-mode/dashboard.png,assets/images/thumbs/dark-mode/dashboard.webp,ism-slot-0,8,f13e6b249bba1b4c472e2721d294b7bcdf6fc1d63efb089376cbd7afbec062fb,e54a28464184e187d545b20d86ec4ab4f3eb4ff76c1cc2a20cc4c18179a0587d,pass,pass,pass,pass,pass,pass,pass,pass,keep,Baseline sheet reviewed; no rubric defect observed.,f13e6b249bba1b4c472e2721d294b7bcdf6fc1d63efb089376cbd7afbec062fb,e54a28464184e187d545b20d86ec4ab4f3eb4ff76c1cc2a20cc4c18179a0587d
design-isms-20260717-02,ism:dark-mode:1:streaming.png,ism,dark-mode,1,streaming.png,assets/images/dark-mode/streaming.png,assets/images/thumbs/dark-mode/streaming.webp,ism-slot-1,8,e0c3ac22895a8efbb399ed5bbaa1a1fbf12e7afa44c34ab63a35ba51b2820466,e7144a663083c54a20567a1e55ab1f5b73a7202a0f574d54ca172dc4a279dc75,pass,pass,pass,pass,pass,pass,pass,pass,keep,Baseline sheet reviewed; no rubric defect observed.,e0c3ac22895a8efbb399ed5bbaa1a1fbf12e7afa44c34ab63a35ba51b2820466,e7144a663083c54a20567a1e55ab1f5b73a7202a0f574d54ca172dc4a279dc75
design-isms-20260717-02,ism:dark-mode:2:shop.png,ism,dark-mode,2,shop.png,assets/images/dark-mode/shop.png,assets/images/thumbs/dark-mode/shop.webp,ism-slot-2,8,0b6232ffc2b1b885b30e1e61cfb8fbf500e92363996659967f17f1b07789aca7,31027ba4d3a6a2d0e86112e4220cb81ea81dbfd0425af994c8284a629d55e057,pass,pass,pass,pass,pass,pass,pass,pass,keep,Baseline sheet reviewed; no rubric defect observed.,0b6232ffc2b1b885b30e1e61cfb8fbf500e92363996659967f17f1b07789aca7,31027ba4d3a6a2d0e86112e4220cb81ea81dbfd0425af994c8284a629d55e057
design-isms-20260717-02,ism:retro-vintage:0:landing.png,ism,retro-vintage,0,landing.png,assets/images/retro-vintage/landing.png,assets/images/thumbs/retro-vintage/landing.webp,ism-slot-0,9,cacec1e05c1e2d2b06d3f523ab478a0e622fff79d3bdbd7a7d89dcaa36010bf3,08deb0fd6b0bc67df1a23cf6572bef457e20064047df54f2741c50a0e7d79973,pass,pass,pass,pass,pass,pass,pass,pass,keep,Baseline sheet reviewed; no rubric defect observed.,cacec1e05c1e2d2b06d3f523ab478a0e622fff79d3bdbd7a7d89dcaa36010bf3,08deb0fd6b0bc67df1a23cf6572bef457e20064047df54f2741c50a0e7d79973
design-isms-20260717-02,ism:retro-vintage:1:cafe.png,ism,retro-vintage,1,cafe.png,assets/images/retro-vintage/cafe.png,assets/images/thumbs/retro-vintage/cafe.webp,ism-slot-1,9,4b959ef622f7e011a660f71b66438d53b44c77605e2bc978794cd7df4fc3cefd,1f364ebf0d8df37857a5e69d8b96860fb249458a060bdb358b0939a3bc6af424,pass,pass,pass,pass,pass,pass,pass,pass,keep,Baseline sheet reviewed; no rubric defect observed.,4b959ef622f7e011a660f71b66438d53b44c77605e2bc978794cd7df4fc3cefd,1f364ebf0d8df37857a5e69d8b96860fb249458a060bdb358b0939a3bc6af424
design-isms-20260717-02,ism:retro-vintage:2:poster.png,ism,retro-vintage,2,poster.png,assets/images/retro-vintage/poster.png,assets/images/thumbs/retro-vintage/poster.webp,ism-slot-2,9,4c83209cd9e0d7c090150a2b659438e8f8f24ab895419098010ed35383f987eb,9e8c250c107b0562d6d069cb932031a0588a39d7ba483fd00ffedd573d1212fd,pass,pass,pass,pass,pass,pass,pass,pass,keep,Baseline sheet reviewed; no rubric defect observed.,4c83209cd9e0d7c090150a2b659438e8f8f24ab895419098010ed35383f987eb,9e8c250c107b0562d6d069cb932031a0588a39d7ba483fd00ffedd573d1212fd
design-isms-20260717-02,ism:futurism:0:landing.png,ism,futurism,0,landing.png,assets/images/futurism/landing.png,assets/images/thumbs/futurism/landing.webp,ism-slot-0,10,924c01681f82da09f7e2fbd4f5031763ed254b77dc6389f12986a5cb4bbdedb4,b0875419cb60baa3a0f82b4aac8856e87477f27b81f2e82777724b0fd16db6b6,pass,pass,pass,pass,pass,pass,pass,pass,keep,Baseline sheet reviewed; no rubric defect observed.,924c01681f82da09f7e2fbd4f5031763ed254b77dc6389f12986a5cb4bbdedb4,b0875419cb60baa3a0f82b4aac8856e87477f27b81f2e82777724b0fd16db6b6
design-isms-20260717-02,ism:futurism:1:portfolio.png,ism,futurism,1,portfolio.png,assets/images/futurism/portfolio.png,assets/images/thumbs/futurism/portfolio.webp,ism-slot-1,10,7c4e27b7d18eef7487db74dcc9cac673db27f1b10d31bc16936fc185001152cd,1dd240c87953cfd7dac66e1fa1d42c42b7f1572ff1fbe773e53997407a12f3a7,pass,pass,pass,pass,pass,pass,pass,pass,keep,Baseline sheet reviewed; no rubric defect observed.,7c4e27b7d18eef7487db74dcc9cac673db27f1b10d31bc16936fc185001152cd,1dd240c87953cfd7dac66e1fa1d42c42b7f1572ff1fbe773e53997407a12f3a7
design-isms-20260717-02,ism:futurism:2:poster.png,ism,futurism,2,poster.png,assets/images/futurism/poster.png,assets/images/thumbs/futurism/poster.webp,ism-slot-2,10,22789465a9cd8a1ad59e0a64d3bcb4b38fb17b647986fdc0b2b1206454abeeab,a8ceeb8df67700c3235450de86a7c8af447b01a9cb463f8659a0ba396acdb5ef,pass,pass,pass,pass,pass,pass,pass,pass,keep,Baseline sheet reviewed; no rubric defect observed.,22789465a9cd8a1ad59e0a64d3bcb4b38fb17b647986fdc0b2b1206454abeeab,a8ceeb8df67700c3235450de86a7c8af447b01a9cb463f8659a0ba396acdb5ef
design-isms-20260717-02,ism:memphis-design:0:landing.png,ism,memphis-design,0,landing.png,assets/images/memphis-design/landing.png,assets/images/thumbs/memphis-design/landing.webp,ism-slot-0,11,4548f5bcc9b5b4ba723a8237e10a19dcb17d20be774222caf8ab383437ff3c3d,233560b80a28268d8a44392963892039c5860fa26c4060d20bf0e31843375b15,pass,pass,pass,pass,pass,pass,pass,pass,keep,Baseline sheet reviewed; no rubric defect observed.,4548f5bcc9b5b4ba723a8237e10a19dcb17d20be774222caf8ab383437ff3c3d,233560b80a28268d8a44392963892039c5860fa26c4060d20bf0e31843375b15
design-isms-20260717-02,ism:memphis-design:1:poster.png,ism,memphis-design,1,poster.png,assets/images/memphis-design/poster.png,assets/images/thumbs/memphis-design/poster.webp,ism-slot-1,11,96bfe230ae2f9a1d30f19b2711f3fa78844fe5d9ff29503e729c7c1cf4d62b8d,3f945e120828feab615a1a866e38e03c05d8ea9aebb18f5d412ec43c0e04d03c,pass,pass,pass,pass,pass,pass,pass,pass,keep,Baseline sheet reviewed; no rubric defect observed.,96bfe230ae2f9a1d30f19b2711f3fa78844fe5d9ff29503e729c7c1cf4d62b8d,3f945e120828feab615a1a866e38e03c05d8ea9aebb18f5d412ec43c0e04d03c
design-isms-20260717-02,ism:memphis-design:2:shop.png,ism,memphis-design,2,shop.png,assets/images/memphis-design/shop.png,assets/images/thumbs/memphis-design/shop.webp,ism-slot-2,11,ea3a51b31bc4dfa7bd32eb541f959ecece89bb872a4eccb9ef40b6d6e89a6ca6,df5ebefe63a24526ad5cca7ec9767f4cef80e2405f514987f533ce9d021c99ff,pass,pass,pass,pass,pass,pass,pass,pass,keep,Baseline sheet reviewed; no rubric defect observed.,ea3a51b31bc4dfa7bd32eb541f959ecece89bb872a4eccb9ef40b6d6e89a6ca6,df5ebefe63a24526ad5cca7ec9767f4cef80e2405f514987f533ce9d021c99ff
design-isms-20260717-02,ism:cyberpunk:0:landing.png,ism,cyberpunk,0,landing.png,assets/images/cyberpunk/landing.png,assets/images/thumbs/cyberpunk/landing.webp,ism-slot-0,12,91c0ec69ab65ae6e6d70aba865cc4ebdbe044d3118ab6b11605d03b0242139bd,fcdffb994aeb3fdba71e15d7a783f87e2a8834b822fb659c13305a13e68d54db,pass,pass,pass,pass,pass,pass,pass,pass,keep,Baseline sheet reviewed; no rubric defect observed.,91c0ec69ab65ae6e6d70aba865cc4ebdbe044d3118ab6b11605d03b0242139bd,fcdffb994aeb3fdba71e15d7a783f87e2a8834b822fb659c13305a13e68d54db
design-isms-20260717-02,ism:cyberpunk:1:game.png,ism,cyberpunk,1,game.png,assets/images/cyberpunk/game.png,assets/images/thumbs/cyberpunk/game.webp,ism-slot-1,12,30df85a46e285754077b18b3cce5c8c386df924c777ad37341fe4d2ffce8eddc,32340410dec86265597691d8bfd0cd397e7b7638522f7c7e07d8e899affe8928,pass,pass,pass,pass,pass,pass,pass,pass,keep,Baseline sheet reviewed; no rubric defect observed.,30df85a46e285754077b18b3cce5c8c386df924c777ad37341fe4d2ffce8eddc,32340410dec86265597691d8bfd0cd397e7b7638522f7c7e07d8e899affe8928
design-isms-20260717-02,ism:cyberpunk:2:shop.png,ism,cyberpunk,2,shop.png,assets/images/cyberpunk/shop.png,assets/images/thumbs/cyberpunk/shop.webp,ism-slot-2,12,9e648a3bbd10e85b54bed681768d3eae53b9712764ceb082856a56addf76ae84,31d29e56f3a63fbe1fcc89e7133ece1fd862c50a4a615e551ced104b60917279,pass,pass,pass,pass,pass,pass,pass,pass,keep,Baseline sheet reviewed; no rubric defect observed.,9e648a3bbd10e85b54bed681768d3eae53b9712764ceb082856a56addf76ae84,31d29e56f3a63fbe1fcc89e7133ece1fd862c50a4a615e551ced104b60917279
design-isms-20260717-02,ism:psychedelic:0:landing.png,ism,psychedelic,0,landing.png,assets/images/psychedelic/landing.png,assets/images/thumbs/psychedelic/landing.webp,ism-slot-0,13,48a9082645a179c5eda755e61173d13276f60c460fb0cdd1e5360ea369204541,c6f03d0f8340be2b7d7443d4d552bf1c646f44d2289e25e7d5938c49970c2b6d,pass,pass,pass,pass,pass,pass,pass,pass,keep,Baseline sheet reviewed; no rubric defect observed.,48a9082645a179c5eda755e61173d13276f60c460fb0cdd1e5360ea369204541,c6f03d0f8340be2b7d7443d4d552bf1c646f44d2289e25e7d5938c49970c2b6d
design-isms-20260717-02,ism:psychedelic:1:music.png,ism,psychedelic,1,music.png,assets/images/psychedelic/music.png,assets/images/thumbs/psychedelic/music.webp,ism-slot-1,13,ec39f71cb0fb952861338cceedb910bf1a854083c4c0d21f1b10d8932b28f3fa,e94136dd5146aaac4f35080978e7477de5febe85074dfbca5d99c6e4c305dd18,pass,pass,pass,pass,pass,pass,pass,pass,keep,Baseline sheet reviewed; no rubric defect observed.,ec39f71cb0fb952861338cceedb910bf1a854083c4c0d21f1b10d8932b28f3fa,e94136dd5146aaac4f35080978e7477de5febe85074dfbca5d99c6e4c305dd18
design-isms-20260717-02,ism:psychedelic:2:poster.png,ism,psychedelic,2,poster.png,assets/images/psychedelic/poster.png,assets/images/thumbs/psychedelic/poster.webp,ism-slot-2,13,238275e92b8942a9ec59348efe30af4ce1a2161f9ec318d2b40972874d6dbf40,05abd061ee04dab01c4a376a4069685882c1878934f8c50846f7aca26c978c25,pass,pass,pass,pass,pass,pass,pass,pass,keep,Baseline sheet reviewed; no rubric defect observed.,238275e92b8942a9ec59348efe30af4ce1a2161f9ec318d2b40972874d6dbf40,05abd061ee04dab01c4a376a4069685882c1878934f8c50846f7aca26c978c25
design-isms-20260717-02,ism:vaporwave:0:landing.png,ism,vaporwave,0,landing.png,assets/images/vaporwave/landing.png,assets/images/thumbs/vaporwave/landing.webp,ism-slot-0,14,39958e9afec15882e5c9273d33cb91211ef0380a921ba927f7a660d1d669386a,5f9a36d8356b20ce0a366ef37032ff3632f9a475670de9389b5026c74ceb36ab,pass,pass,pass,pass,pass,pass,pass,pass,keep,Baseline sheet reviewed; no rubric defect observed.,39958e9afec15882e5c9273d33cb91211ef0380a921ba927f7a660d1d669386a,5f9a36d8356b20ce0a366ef37032ff3632f9a475670de9389b5026c74ceb36ab
design-isms-20260717-02,ism:vaporwave:1:music-player.png,ism,vaporwave,1,music-player.png,assets/images/vaporwave/music-player.png,assets/images/thumbs/vaporwave/music-player.webp,ism-slot-1,14,8db98a03176a9f3cebe6e6eddf58ddf44045dddc493f7f930f6d193fe7c278a5,8ad8b2b4f4e343d3ebd4bae83a4e4272ee84e7a797edeeaf10aa889ba6d68cfc,pass,pass,pass,pass,pass,pass,pass,pass,keep,Baseline sheet reviewed; no rubric defect observed.,8db98a03176a9f3cebe6e6eddf58ddf44045dddc493f7f930f6d193fe7c278a5,8ad8b2b4f4e343d3ebd4bae83a4e4272ee84e7a797edeeaf10aa889ba6d68cfc
design-isms-20260717-02,ism:vaporwave:2:shop.png,ism,vaporwave,2,shop.png,assets/images/vaporwave/shop.png,assets/images/thumbs/vaporwave/shop.webp,ism-slot-2,14,51d3dd0b8b1cec5de567be576e7eacd1903fc0b3c9f5e76dad528944126b09ba,4440948c27db75ccc998a03b179b018eedc2782e6cbc0d9cbe6039dc7cb683f7,pass,pass,pass,pass,pass,pass,pass,pass,keep,Baseline sheet reviewed; no rubric defect observed.,51d3dd0b8b1cec5de567be576e7eacd1903fc0b3c9f5e76dad528944126b09ba,4440948c27db75ccc998a03b179b018eedc2782e6cbc0d9cbe6039dc7cb683f7
design-isms-20260717-02,ism:y2k:0:landing.png,ism,y2k,0,landing.png,assets/images/y2k/landing.png,assets/images/thumbs/y2k/landing.webp,ism-slot-0,15,72ee14c31671f355aeb41a4e8cf9704985032045422dc2c32b72285ec79eb5f4,82e1aa140cd7258b5a9f9d5afb87dadbd05b06a3133b60bbf3f46826fe9f56c3,pass,pass,pass,pass,pass,pass,pass,pass,keep,Baseline sheet reviewed; no rubric defect observed.,72ee14c31671f355aeb41a4e8cf9704985032045422dc2c32b72285ec79eb5f4,82e1aa140cd7258b5a9f9d5afb87dadbd05b06a3133b60bbf3f46826fe9f56c3
design-isms-20260717-02,ism:y2k:1:fashion.png,ism,y2k,1,fashion.png,assets/images/y2k/fashion.png,assets/images/thumbs/y2k/fashion.webp,ism-slot-1,15,c2f70db66d5d16edda5de9a7a2689c1b776b32a917127b00c37a9a26989207c3,f00de0702508bb256d79e5e33550afb1192a7516582e43ab07a6f28fb19c5ee7,pass,pass,pass,pass,pass,pass,pass,pass,keep,Baseline sheet reviewed; no rubric defect observed.,c2f70db66d5d16edda5de9a7a2689c1b776b32a917127b00c37a9a26989207c3,f00de0702508bb256d79e5e33550afb1192a7516582e43ab07a6f28fb19c5ee7
design-isms-20260717-02,ism:y2k:2:mobile-app.png,ism,y2k,2,mobile-app.png,assets/images/y2k/mobile-app.png,assets/images/thumbs/y2k/mobile-app.webp,ism-slot-2,15,55e1d1eed6f11d2cbd291881837155070e4017536ae4a2550ab53c634b2f1d7f,8738725f91065532be59dbc084965bc33420c3af8fcfbd3cdcd5af4e79de0bc2,pass,pass,pass,pass,pass,pass,pass,pass,keep,Baseline sheet reviewed; no rubric defect observed.,55e1d1eed6f11d2cbd291881837155070e4017536ae4a2550ab53c634b2f1d7f,8738725f91065532be59dbc084965bc33420c3af8fcfbd3cdcd5af4e79de0bc2
design-isms-20260717-02,ism:maximalism:0:landing.png,ism,maximalism,0,landing.png,assets/images/maximalism/landing.png,assets/images/thumbs/maximalism/landing.webp,ism-slot-0,16,02edb862f2cf5d8fdec407d09196f23e119b9244cde6e01797277bd6eca402d8,04ec1bbbfb2fe9cecaeb4c76f13db7705e0a684ed19d4e4e9b5e89a14e383ac0,pass,pass,pass,pass,pass,pass,pass,pass,keep,Baseline sheet reviewed; no rubric defect observed.,02edb862f2cf5d8fdec407d09196f23e119b9244cde6e01797277bd6eca402d8,04ec1bbbfb2fe9cecaeb4c76f13db7705e0a684ed19d4e4e9b5e89a14e383ac0
design-isms-20260717-02,ism:maximalism:1:fashion.png,ism,maximalism,1,fashion.png,assets/images/maximalism/fashion.png,assets/images/thumbs/maximalism/fashion.webp,ism-slot-1,16,4c200c9202b6c05ec2c596ea0b27cf8853a74998b8f0f194aa0787afed4d2d8b,d6301cae3765de76a525a37e5227c1d10997a6b4c8ef1e027a31aad68da6f883,pass,pass,pass,pass,pass,pass,pass,pass,keep,Baseline sheet reviewed; no rubric defect observed.,4c200c9202b6c05ec2c596ea0b27cf8853a74998b8f0f194aa0787afed4d2d8b,d6301cae3765de76a525a37e5227c1d10997a6b4c8ef1e027a31aad68da6f883
design-isms-20260717-02,ism:maximalism:2:editorial.png,ism,maximalism,2,editorial.png,assets/images/maximalism/editorial.png,assets/images/thumbs/maximalism/editorial.webp,ism-slot-2,16,a2c70c27ac66a6261317b844e3cf8dc1756588cbc91f9413103682ef29962805,e8f6beeb6d88eb28588054d3e323feb42c39133760c2a148226fc19f27990ee7,pass,pass,pass,pass,pass,pass,pass,pass,keep,Baseline sheet reviewed; no rubric defect observed.,a2c70c27ac66a6261317b844e3cf8dc1756588cbc91f9413103682ef29962805,e8f6beeb6d88eb28588054d3e323feb42c39133760c2a148226fc19f27990ee7
design-isms-20260717-02,ism:steampunk:0:landing.png,ism,steampunk,0,landing.png,assets/images/steampunk/landing.png,assets/images/thumbs/steampunk/landing.webp,ism-slot-0,17,d6a3d21d066cf396ceb1ecda5fda6a97d8e74e612dae199d78f7d7503b4055e6,c74fce945a8f7f322b07b4a80a38c93d4810af58c14500d79febb632c76883f9,pass,pass,pass,pass,pass,pass,pass,pass,keep,Baseline sheet reviewed; no rubric defect observed.,d6a3d21d066cf396ceb1ecda5fda6a97d8e74e612dae199d78f7d7503b4055e6,c74fce945a8f7f322b07b4a80a38c93d4810af58c14500d79febb632c76883f9
design-isms-20260717-02,ism:steampunk:1:dashboard.png,ism,steampunk,1,dashboard.png,assets/images/steampunk/dashboard.png,assets/images/thumbs/steampunk/dashboard.webp,ism-slot-1,17,b49028c3fc3a6b2af68c9d54726081770ad735dd45eacb24c5276945ce76c74c,0cd5169295b5f2aa876bcb6bdce883731276ea47c6292cc6d3b5352f179a4481,pass,pass,pass,pass,pass,pass,pass,pass,keep,Baseline sheet reviewed; no rubric defect observed.,b49028c3fc3a6b2af68c9d54726081770ad735dd45eacb24c5276945ce76c74c,0cd5169295b5f2aa876bcb6bdce883731276ea47c6292cc6d3b5352f179a4481
design-isms-20260717-02,ism:steampunk:2:shop.png,ism,steampunk,2,shop.png,assets/images/steampunk/shop.png,assets/images/thumbs/steampunk/shop.webp,ism-slot-2,17,68eaf007600a2f3d66def0e07935da98bf406b0b19563cc52c1addea6167b34e,dcf91aa44f8672cc1ae4cbb31b515a5c62b6dddda2176e9ed646ee13a820e048,pass,pass,pass,pass,pass,pass,pass,pass,keep,Baseline sheet reviewed; no rubric defect observed.,68eaf007600a2f3d66def0e07935da98bf406b0b19563cc52c1addea6167b34e,dcf91aa44f8672cc1ae4cbb31b515a5c62b6dddda2176e9ed646ee13a820e048
design-isms-20260717-02,ism:glassmorphism:0:landing.png,ism,glassmorphism,0,landing.png,assets/images/glassmorphism/landing.png,assets/images/thumbs/glassmorphism/landing.webp,ism-slot-0,18,0807baf217c5873089b6a449709ab6a674d4dfd30f3045ce645d8201a8dad1c9,c3a4df48be6fdaa71251d9bc02388566c346d6559d48b2808c24966fbcf767d1,pass,pass,pass,pass,pass,pass,pass,pass,keep,Baseline sheet reviewed; no rubric defect observed.,0807baf217c5873089b6a449709ab6a674d4dfd30f3045ce645d8201a8dad1c9,c3a4df48be6fdaa71251d9bc02388566c346d6559d48b2808c24966fbcf767d1
design-isms-20260717-02,ism:glassmorphism:1:card-ui.png,ism,glassmorphism,1,card-ui.png,assets/images/glassmorphism/card-ui.png,assets/images/thumbs/glassmorphism/card-ui.webp,ism-slot-1,18,435d5e762dcaf39216616339f612cd15e851e45e6f19673a4eac45afbeaf9c2f,9519f0829621b3e8327ac5506bf4e8370ac117e1e10e48e7973f00cb5cfd1571,pass,pass,pass,pass,pass,pass,pass,pass,keep,Baseline sheet reviewed; no rubric defect observed.,435d5e762dcaf39216616339f612cd15e851e45e6f19673a4eac45afbeaf9c2f,9519f0829621b3e8327ac5506bf4e8370ac117e1e10e48e7973f00cb5cfd1571
design-isms-20260717-02,ism:glassmorphism:2:mobile-app.png,ism,glassmorphism,2,mobile-app.png,assets/images/glassmorphism/mobile-app.png,assets/images/thumbs/glassmorphism/mobile-app.webp,ism-slot-2,18,ce980e5e0a9025335e78ef4e101b5ddbbfef7f730ca333b92f1e50683d63fee9,9c56c94c309e082b15b0a87d6ac7e4965a52844563422029ab066a0d3543e0f4,pass,pass,pass,pass,pass,pass,pass,pass,keep,Baseline sheet reviewed; no rubric defect observed.,ce980e5e0a9025335e78ef4e101b5ddbbfef7f730ca333b92f1e50683d63fee9,9c56c94c309e082b15b0a87d6ac7e4965a52844563422029ab066a0d3543e0f4
design-isms-20260717-02,ism:neumorphism:0:dashboard.png,ism,neumorphism,0,dashboard.png,assets/images/neumorphism/dashboard.png,assets/images/thumbs/neumorphism/dashboard.webp,ism-slot-0,19,86dcd5378887a98ce250b4d7b0b0a88b4dba78e9f0f2530ab5468dbf4d8ec8a9,b5ae3546b12f1ccb8de151f81eee6e2d73a7c1782659edef720491e1c5db8514,pass,pass,pass,pass,pass,pass,pass,pass,keep,Baseline sheet reviewed; no rubric defect observed.,86dcd5378887a98ce250b4d7b0b0a88b4dba78e9f0f2530ab5468dbf4d8ec8a9,b5ae3546b12f1ccb8de151f81eee6e2d73a7c1782659edef720491e1c5db8514
design-isms-20260717-02,ism:neumorphism:1:login.png,ism,neumorphism,1,login.png,assets/images/neumorphism/login.png,assets/images/thumbs/neumorphism/login.webp,ism-slot-1,19,77f16c86e222d1ab07a613d6e9ebfffa5b9484fc80a3c43584e397324566a9ab,400b9321c57a151edf4268001b3f659ce88903856a834f581ef516fcc738dc45,pass,pass,pass,pass,pass,pass,pass,pass,keep,Baseline sheet reviewed; no rubric defect observed.,77f16c86e222d1ab07a613d6e9ebfffa5b9484fc80a3c43584e397324566a9ab,400b9321c57a151edf4268001b3f659ce88903856a834f581ef516fcc738dc45
design-isms-20260717-02,ism:neumorphism:2:music-player.png,ism,neumorphism,2,music-player.png,assets/images/neumorphism/music-player.png,assets/images/thumbs/neumorphism/music-player.webp,ism-slot-2,19,a1171017dcb7fe1a3428d856fb5d44760078ad9a40c9aef9892c2ee4287d1f22,fbcad92b08f21dbf884d7f2bf48439da5d200cc07ecdfaec904ce194e8ea14b1,pass,pass,pass,pass,pass,pass,pass,pass,keep,Baseline sheet reviewed; no rubric defect observed.,a1171017dcb7fe1a3428d856fb5d44760078ad9a40c9aef9892c2ee4287d1f22,fbcad92b08f21dbf884d7f2bf48439da5d200cc07ecdfaec904ce194e8ea14b1
design-isms-20260717-02,ism:corporate-memphis:0:landing.png,ism,corporate-memphis,0,landing.png,assets/images/corporate-memphis/landing.png,assets/images/thumbs/corporate-memphis/landing.webp,ism-slot-0,20,3c42c6a5ffc6fd08f202b2cc5c23fd80e5a4002f4f741416fc4197d712c63e2b,513038a8393e40a5c4286b8c1b56fd35d379f86a6d3d932413b7a6a9e45957eb,pass,pass,pass,pass,pass,pass,pass,pass,keep,Baseline sheet reviewed; no rubric defect observed.,3c42c6a5ffc6fd08f202b2cc5c23fd80e5a4002f4f741416fc4197d712c63e2b,513038a8393e40a5c4286b8c1b56fd35d379f86a6d3d932413b7a6a9e45957eb
design-isms-20260717-02,ism:corporate-memphis:1:pricing.png,ism,corporate-memphis,1,pricing.png,assets/images/corporate-memphis/pricing.png,assets/images/thumbs/corporate-memphis/pricing.webp,ism-slot-1,20,37cd090d6fcd94d743ca20d3da63abebaf3bfb6ab3c9b2ea826c85945ee8482e,f12cf49c9e442d940a303b42a9b8b33e8ece73e516b5f829b3d928e4c8c085f0,pass,pass,pass,pass,pass,pass,pass,pass,keep,Baseline sheet reviewed; no rubric defect observed.,37cd090d6fcd94d743ca20d3da63abebaf3bfb6ab3c9b2ea826c85945ee8482e,f12cf49c9e442d940a303b42a9b8b33e8ece73e516b5f829b3d928e4c8c085f0
design-isms-20260717-02,ism:corporate-memphis:2:onboarding.png,ism,corporate-memphis,2,onboarding.png,assets/images/corporate-memphis/onboarding.png,assets/images/thumbs/corporate-memphis/onboarding.webp,ism-slot-2,20,3a9028b75284dc5d904efab4d10ac799561bb3304db3dc1f4b3c3cd6b63d4ab9,60d39ad9921f81ef1b49781ab7cac247566ec159cc25cd9097a03d925890e1ec,pass,pass,pass,pass,pass,pass,pass,pass,keep,Baseline sheet reviewed; no rubric defect observed.,3a9028b75284dc5d904efab4d10ac799561bb3304db3dc1f4b3c3cd6b63d4ab9,60d39ad9921f81ef1b49781ab7cac247566ec159cc25cd9097a03d925890e1ec
design-isms-20260717-02,ism:neo-brutalism:0:landing.png,ism,neo-brutalism,0,landing.png,assets/images/neo-brutalism/landing.png,assets/images/thumbs/neo-brutalism/landing.webp,ism-slot-0,21,0df3ad412838be0078f8e1be396af94968753b42785a2cec5e30871eaf309a99,b364ef8e7336bd817cfb4d88a65c03b365d8f7b895f8b966ddd17311c52c9d6c,pass,pass,pass,pass,pass,pass,pass,pass,keep,Baseline sheet reviewed; no rubric defect observed.,0df3ad412838be0078f8e1be396af94968753b42785a2cec5e30871eaf309a99,b364ef8e7336bd817cfb4d88a65c03b365d8f7b895f8b966ddd17311c52c9d6c
design-isms-20260717-02,ism:neo-brutalism:1:blog.png,ism,neo-brutalism,1,blog.png,assets/images/neo-brutalism/blog.png,assets/images/thumbs/neo-brutalism/blog.webp,ism-slot-1,21,626318b021895e4e9cea9d28f714874255efb4b36cb939b64a0fd2faf56691bb,c074596150fc1841286d55a762445b51e4f7f2fa5dc5e41e2c12ef3a1697cd8c,pass,pass,pass,pass,pass,pass,pass,pass,keep,Baseline sheet reviewed; no rubric defect observed.,626318b021895e4e9cea9d28f714874255efb4b36cb939b64a0fd2faf56691bb,c074596150fc1841286d55a762445b51e4f7f2fa5dc5e41e2c12ef3a1697cd8c
design-isms-20260717-02,ism:neo-brutalism:2:shop.png,ism,neo-brutalism,2,shop.png,assets/images/neo-brutalism/shop.png,assets/images/thumbs/neo-brutalism/shop.webp,ism-slot-2,21,cff4adc8d693702baba7c97d901a577db47fd177578b21e63443cff852aac260,ee56c32c673fabf1f10800521739bf7709cffdb80dcd783787d5ed24291f5bd6,pass,pass,pass,pass,pass,pass,pass,pass,keep,Baseline sheet reviewed; no rubric defect observed.,cff4adc8d693702baba7c97d901a577db47fd177578b21e63443cff852aac260,ee56c32c673fabf1f10800521739bf7709cffdb80dcd783787d5ed24291f5bd6
design-isms-20260717-02,ism:gradient-aurora:0:landing.png,ism,gradient-aurora,0,landing.png,assets/images/gradient-aurora/landing.png,assets/images/thumbs/gradient-aurora/landing.webp,ism-slot-0,22,d14d1b28beaf31454398030f2a6670b9e2a852bfda0fd054819ed6e947fe544a,51eeba6d89a364749e8535c6586173bca0e9cd69bc8679c5b1ff08924266c108,pass,pass,pass,pass,pass,pass,pass,pass,keep,Baseline sheet reviewed; no rubric defect observed.,d14d1b28beaf31454398030f2a6670b9e2a852bfda0fd054819ed6e947fe544a,51eeba6d89a364749e8535c6586173bca0e9cd69bc8679c5b1ff08924266c108
design-isms-20260717-02,ism:gradient-aurora:1:saas.png,ism,gradient-aurora,1,saas.png,assets/images/gradient-aurora/saas.png,assets/images/thumbs/gradient-aurora/saas.webp,ism-slot-1,22,23b5ef7b883c83188e3956db3c76a88179976b86675cbf00f762cf16518dd820,db256029413ad61e6bd6446005b587d2f28d2e0ddc2bb5dc799bd921dfe868cc,pass,pass,pass,pass,pass,pass,pass,pass,keep,Baseline sheet reviewed; no rubric defect observed.,23b5ef7b883c83188e3956db3c76a88179976b86675cbf00f762cf16518dd820,db256029413ad61e6bd6446005b587d2f28d2e0ddc2bb5dc799bd921dfe868cc
design-isms-20260717-02,ism:gradient-aurora:2:mobile-app.png,ism,gradient-aurora,2,mobile-app.png,assets/images/gradient-aurora/mobile-app.png,assets/images/thumbs/gradient-aurora/mobile-app.webp,ism-slot-2,22,82cb7b4904f15098a793d2d3ebd1a121d3cbfa0aa699282789a1eabc1fc1262b,50ecd0732e4ea83c49bcb605cedbab8ec01643fa06042a6bfc5639a43ed84f8b,pass,pass,pass,pass,pass,pass,pass,pass,keep,Baseline sheet reviewed; no rubric defect observed.,82cb7b4904f15098a793d2d3ebd1a121d3cbfa0aa699282789a1eabc1fc1262b,50ecd0732e4ea83c49bcb605cedbab8ec01643fa06042a6bfc5639a43ed84f8b
design-isms-20260717-02,ism:bento-grid:0:landing.png,ism,bento-grid,0,landing.png,assets/images/bento-grid/landing.png,assets/images/thumbs/bento-grid/landing.webp,ism-slot-0,23,c4157e461505ab3a30d89c62af669e947dbb22a7bd32d0fc75180ca21ac0f50e,ed3e936df0808a43e5c3200b54421699fc969f317d060804c2954358c5941bc7,pass,pass,pass,pass,pass,pass,pass,pass,keep,Baseline sheet reviewed; no rubric defect observed.,c4157e461505ab3a30d89c62af669e947dbb22a7bd32d0fc75180ca21ac0f50e,ed3e936df0808a43e5c3200b54421699fc969f317d060804c2954358c5941bc7
design-isms-20260717-02,ism:bento-grid:1:dashboard.png,ism,bento-grid,1,dashboard.png,assets/images/bento-grid/dashboard.png,assets/images/thumbs/bento-grid/dashboard.webp,ism-slot-1,23,6a7f32743443f2ec83386ff9e1cf571155786b78a38099e819fe12eaa92a1964,5c45353d609cd820b860b01efc954c58b982e06965a7351a9ff57c5c83ee6374,pass,pass,pass,pass,pass,pass,pass,pass,keep,Baseline sheet reviewed; no rubric defect observed.,6a7f32743443f2ec83386ff9e1cf571155786b78a38099e819fe12eaa92a1964,5c45353d609cd820b860b01efc954c58b982e06965a7351a9ff57c5c83ee6374
design-isms-20260717-02,ism:bento-grid:2:shop.png,ism,bento-grid,2,shop.png,assets/images/bento-grid/shop.png,assets/images/thumbs/bento-grid/shop.webp,ism-slot-2,23,a01f56a93635615e37d38e0e6ebeac2c633c6d10f8a791f876054ad660ec3098,fa582cb3002a73fc8a6f76c7f0c90da29dc4530854c1143ec622f11ec1bdde39,pass,pass,pass,pass,pass,pass,pass,pass,keep,Baseline sheet reviewed; no rubric defect observed.,a01f56a93635615e37d38e0e6ebeac2c633c6d10f8a791f876054ad660ec3098,fa582cb3002a73fc8a6f76c7f0c90da29dc4530854c1143ec622f11ec1bdde39
design-isms-20260717-02,ism:kawaii:0:landing.png,ism,kawaii,0,landing.png,assets/images/kawaii/landing.png,assets/images/thumbs/kawaii/landing.webp,ism-slot-0,24,0bb04f0400efc7660934af6bcbf7e487cc34f972163840d40043aec581f97fa9,2cab651770129c6db52da2ca4a13d4bedbf876d7d783a21c5f0289845d00e2e9,pass,pass,pass,pass,pass,pass,pass,pass,keep,Baseline sheet reviewed; no rubric defect observed.,0bb04f0400efc7660934af6bcbf7e487cc34f972163840d40043aec581f97fa9,2cab651770129c6db52da2ca4a13d4bedbf876d7d783a21c5f0289845d00e2e9
design-isms-20260717-02,ism:kawaii:1:shop.png,ism,kawaii,1,shop.png,assets/images/kawaii/shop.png,assets/images/thumbs/kawaii/shop.webp,ism-slot-1,24,32504f93926a0d831601b57bff999839ebb873cd5000c40431ec8317b25dc88e,a612eae95a1060a0da41e846ba9e80595cc8b3400bdeb8b2d590ba7f3c406009,pass,pass,pass,pass,pass,pass,pass,pass,keep,Baseline sheet reviewed; no rubric defect observed.,32504f93926a0d831601b57bff999839ebb873cd5000c40431ec8317b25dc88e,a612eae95a1060a0da41e846ba9e80595cc8b3400bdeb8b2d590ba7f3c406009
design-isms-20260717-02,ism:kawaii:2:mobile-app.png,ism,kawaii,2,mobile-app.png,assets/images/kawaii/mobile-app.png,assets/images/thumbs/kawaii/mobile-app.webp,ism-slot-2,24,a871ec2d6f06800a3ddf39494ee26ecb686ddabe718da8bf2982d423c099c7b2,b7a2438adb679173c29b54d111ba64206a9bc9917f269f65d62d7e2ac864eaeb,pass,pass,pass,pass,pass,pass,pass,pass,keep,Baseline sheet reviewed; no rubric defect observed.,a871ec2d6f06800a3ddf39494ee26ecb686ddabe718da8bf2982d423c099c7b2,b7a2438adb679173c29b54d111ba64206a9bc9917f269f65d62d7e2ac864eaeb
design-isms-20260717-02,ism:japandi:0:landing.png,ism,japandi,0,landing.png,assets/images/japandi/landing.png,assets/images/thumbs/japandi/landing.webp,ism-slot-0,25,ac57a831755986f821cbee2036b74cb9dbdf425ae064b2181d7928f603e29b29,ce999f993fa04029959315e2ed39635b29ef71933db2baa0d9c1ee9671162093,pass,pass,pass,pass,pass,pass,pass,pass,keep,Baseline sheet reviewed; no rubric defect observed.,ac57a831755986f821cbee2036b74cb9dbdf425ae064b2181d7928f603e29b29,ce999f993fa04029959315e2ed39635b29ef71933db2baa0d9c1ee9671162093
design-isms-20260717-02,ism:japandi:1:interior.png,ism,japandi,1,interior.png,assets/images/japandi/interior.png,assets/images/thumbs/japandi/interior.webp,ism-slot-1,25,ced217b55f9a9d42b27541af8b460d0bbdce123c68e6e68180a3055da32ff7a9,75dcdc4507844449d999ab68ffa074047aa551bbda72550f73b8d65581b2e04d,pass,pass,pass,pass,pass,pass,pass,pass,keep,Baseline sheet reviewed; no rubric defect observed.,ced217b55f9a9d42b27541af8b460d0bbdce123c68e6e68180a3055da32ff7a9,75dcdc4507844449d999ab68ffa074047aa551bbda72550f73b8d65581b2e04d
design-isms-20260717-02,ism:japandi:2:blog.png,ism,japandi,2,blog.png,assets/images/japandi/blog.png,assets/images/thumbs/japandi/blog.webp,ism-slot-2,25,bde87680562fb7ba9be4be08088ef54d5ac1a335d7531aac106a34c8a1f74541,9082d65f21d2638d582054e9da85efba649a7d060371da1042397b6feb58a254,pass,pass,pass,pass,pass,pass,pass,pass,keep,Baseline sheet reviewed; no rubric defect observed.,bde87680562fb7ba9be4be08088ef54d5ac1a335d7531aac106a34c8a1f74541,9082d65f21d2638d582054e9da85efba649a7d060371da1042397b6feb58a254
design-isms-20260717-02,ism:organic-design:0:landing.png,ism,organic-design,0,landing.png,assets/images/organic-design/landing.png,assets/images/thumbs/organic-design/landing.webp,ism-slot-0,26,f159003b81ace789fcb4402a1837e7b930b4757402d5f8883b3c00dc1c7a9fdc,e31156d82fd77717d47603a51c88e787116c5392820a89a453b323b9ae390de2,pass,pass,pass,pass,pass,pass,pass,pass,keep,Baseline sheet reviewed; no rubric defect observed.,f159003b81ace789fcb4402a1837e7b930b4757402d5f8883b3c00dc1c7a9fdc,e31156d82fd77717d47603a51c88e787116c5392820a89a453b323b9ae390de2
design-isms-20260717-02,ism:organic-design:1:wellness.png,ism,organic-design,1,wellness.png,assets/images/organic-design/wellness.png,assets/images/thumbs/organic-design/wellness.webp,ism-slot-1,26,c18100c8150c00c7a153778c584ce1bc89d9d032aebbf61df0e9ac87a9226b63,3bfc224b479431aa5f8d3cf57b33796c5d0e3016cb302070e4f8175c47d2a7c8,pass,pass,pass,pass,pass,pass,pass,pass,keep,Baseline sheet reviewed; no rubric defect observed.,c18100c8150c00c7a153778c584ce1bc89d9d032aebbf61df0e9ac87a9226b63,3bfc224b479431aa5f8d3cf57b33796c5d0e3016cb302070e4f8175c47d2a7c8
design-isms-20260717-02,ism:organic-design:2:shop.png,ism,organic-design,2,shop.png,assets/images/organic-design/shop.png,assets/images/thumbs/organic-design/shop.webp,ism-slot-2,26,98074875b0eb1d02aaebd46ce8471e86ae0add6d68a06da39ede7b1f9c1910a1,9ea2438d1f567a667f62cd7c39cc7cbb73368c5ed16ccf62be0de08e31311f67,pass,pass,pass,pass,pass,pass,pass,pass,keep,Baseline sheet reviewed; no rubric defect observed.,98074875b0eb1d02aaebd46ce8471e86ae0add6d68a06da39ede7b1f9c1910a1,9ea2438d1f567a667f62cd7c39cc7cbb73368c5ed16ccf62be0de08e31311f67
design-isms-20260717-02,ism:kinetic-typography:0:landing.png,ism,kinetic-typography,0,landing.png,assets/images/kinetic-typography/landing.png,assets/images/thumbs/kinetic-typography/landing.webp,ism-slot-0,27,f0a05159397408b4d0a18c47151676d4ea151e8fc3bda27625b453fc35dc93c9,87efb8de5274ea7519397b4734a75d6e88d2bb06c665160fa5aa3666e72dbf82,pass,pass,pass,pass,pass,pass,pass,pass,keep,Baseline sheet reviewed; no rubric defect observed.,f0a05159397408b4d0a18c47151676d4ea151e8fc3bda27625b453fc35dc93c9,87efb8de5274ea7519397b4734a75d6e88d2bb06c665160fa5aa3666e72dbf82
design-isms-20260717-02,ism:kinetic-typography:1:portfolio.png,ism,kinetic-typography,1,portfolio.png,assets/images/kinetic-typography/portfolio.png,assets/images/thumbs/kinetic-typography/portfolio.webp,ism-slot-1,27,3af1d1a1645774ab0394d24ed9cd2cae524e5ba155919d1d5dcfedda72a6a13e,d5ccc0ca90f34650fb87d807150e38b16e7bc74858d5c6b8173db86b0565655e,pass,pass,pass,pass,pass,pass,pass,pass,keep,Baseline sheet reviewed; no rubric defect observed.,3af1d1a1645774ab0394d24ed9cd2cae524e5ba155919d1d5dcfedda72a6a13e,d5ccc0ca90f34650fb87d807150e38b16e7bc74858d5c6b8173db86b0565655e
design-isms-20260717-02,ism:kinetic-typography:2:agency.png,ism,kinetic-typography,2,agency.png,assets/images/kinetic-typography/agency.png,assets/images/thumbs/kinetic-typography/agency.webp,ism-slot-2,27,156c45289c8ddad94b6def7e7514e1c15263e3c607640b8a88fb9f06bed1e1ea,812fffb3cdd9ffd259f57ad3f15f57e27b2140310a25729e22c6e69e5cf166f6,pass,pass,pass,pass,pass,pass,pass,pass,keep,Baseline sheet reviewed; no rubric defect observed.,156c45289c8ddad94b6def7e7514e1c15263e3c607640b8a88fb9f06bed1e1ea,812fffb3cdd9ffd259f57ad3f15f57e27b2140310a25729e22c6e69e5cf166f6
design-isms-20260717-02,ism:frutiger-aero:0:landing.png,ism,frutiger-aero,0,landing.png,assets/images/frutiger-aero/landing.png,assets/images/thumbs/frutiger-aero/landing.webp,ism-slot-0,28,6c3d13b31ff0b44a9e2b3c4aa95c73926696a291eea24b21fe32707deea09a88,0dfa80071c7fab96b1558413d115a614a94efdbe7380fd02b8e598558912caec,pass,pass,pass,pass,pass,pass,pass,pass,keep,Baseline sheet reviewed; no rubric defect observed.,6c3d13b31ff0b44a9e2b3c4aa95c73926696a291eea24b21fe32707deea09a88,0dfa80071c7fab96b1558413d115a614a94efdbe7380fd02b8e598558912caec
design-isms-20260717-02,ism:frutiger-aero:1:dashboard.png,ism,frutiger-aero,1,dashboard.png,assets/images/frutiger-aero/dashboard.png,assets/images/thumbs/frutiger-aero/dashboard.webp,ism-slot-1,28,3f05d61cf072f6dbb050542f74d64c5143398a50a65074074040ed0cf7f2dba1,0eca9d788426a29285a0e1809280d539c62d64e675abfbd4c43cb20f91bd8b22,pass,pass,pass,pass,pass,pass,pass,pass,keep,Baseline sheet reviewed; no rubric defect observed.,3f05d61cf072f6dbb050542f74d64c5143398a50a65074074040ed0cf7f2dba1,0eca9d788426a29285a0e1809280d539c62d64e675abfbd4c43cb20f91bd8b22
design-isms-20260717-02,ism:frutiger-aero:2:mobile-app.png,ism,frutiger-aero,2,mobile-app.png,assets/images/frutiger-aero/mobile-app.png,assets/images/thumbs/frutiger-aero/mobile-app.webp,ism-slot-2,28,72a77d53ad0f8fa1580bc8eaa817191ac4cad317e71f2b5d81605c10006fbee0,a4729ddd772a4fa86a2eaef681ae94ca87fdb3b39bf2aee61e0f8dc06c0c395f,pass,pass,pass,pass,pass,pass,pass,pass,keep,Baseline sheet reviewed; no rubric defect observed.,72a77d53ad0f8fa1580bc8eaa817191ac4cad317e71f2b5d81605c10006fbee0,a4729ddd772a4fa86a2eaef681ae94ca87fdb3b39bf2aee61e0f8dc06c0c395f
design-isms-20260717-02,ism:claymorphism:0:landing.png,ism,claymorphism,0,landing.png,assets/images/claymorphism/landing.png,assets/images/thumbs/claymorphism/landing.webp,ism-slot-0,29,5e3af289b5346e00b5d80e171f5c886b92a085eb95a1da36d96aa66d58d2c207,6026225feba4d6dc94a64cfb211e7cfba0ad8f3c983b241b09c9563d7f983e76,pass,pass,pass,pass,pass,pass,pass,pass,keep,Baseline sheet reviewed; no rubric defect observed.,5e3af289b5346e00b5d80e171f5c886b92a085eb95a1da36d96aa66d58d2c207,6026225feba4d6dc94a64cfb211e7cfba0ad8f3c983b241b09c9563d7f983e76
design-isms-20260717-02,ism:claymorphism:1:app-icons.png,ism,claymorphism,1,app-icons.png,assets/images/claymorphism/app-icons.png,assets/images/thumbs/claymorphism/app-icons.webp,ism-slot-1,29,dbbc1d757d13dfd4dab7ef84a26c2eaa0b7ec08b06144f9354a9b065ae8237e9,9c5d6996af603a7894d0d568ed0ac4557ec25bd9f6646c0e72b2e1c1e29c0ceb,pass,pass,pass,pass,pass,pass,pass,pass,keep,Baseline sheet reviewed; no rubric defect observed.,dbbc1d757d13dfd4dab7ef84a26c2eaa0b7ec08b06144f9354a9b065ae8237e9,9c5d6996af603a7894d0d568ed0ac4557ec25bd9f6646c0e72b2e1c1e29c0ceb
design-isms-20260717-02,ism:claymorphism:2:shop.png,ism,claymorphism,2,shop.png,assets/images/claymorphism/shop.png,assets/images/thumbs/claymorphism/shop.webp,ism-slot-2,29,0442d82b6afe37a8fce8fffc8b8877ce7b7a0fd79cd88e87cee32991fe9145c6,234548e2c0db1b584dd7b2f4c3a8752a36d4c27e09b37131e2e03a617279bc94,pass,pass,pass,pass,pass,pass,pass,pass,keep,Baseline sheet reviewed; no rubric defect observed.,0442d82b6afe37a8fce8fffc8b8877ce7b7a0fd79cd88e87cee32991fe9145c6,234548e2c0db1b584dd7b2f4c3a8752a36d4c27e09b37131e2e03a617279bc94
design-isms-20260717-02,ism:dopamine-design:0:landing.png,ism,dopamine-design,0,landing.png,assets/images/dopamine-design/landing.png,assets/images/thumbs/dopamine-design/landing.webp,ism-slot-0,30,d04d564c95c638696618db9ae1ae1a7bd4d2c3f800cb885acd53928fac3b1a7d,d055c06b9570680b6ef3c47f9bd20e21f2d42f91731c43c2ed5cfb8a24d0cdb6,pass,pass,pass,pass,pass,pass,pass,pass,keep,Baseline sheet reviewed; no rubric defect observed.,d04d564c95c638696618db9ae1ae1a7bd4d2c3f800cb885acd53928fac3b1a7d,d055c06b9570680b6ef3c47f9bd20e21f2d42f91731c43c2ed5cfb8a24d0cdb6
design-isms-20260717-02,ism:dopamine-design:1:mobile-app.png,ism,dopamine-design,1,mobile-app.png,assets/images/dopamine-design/mobile-app.png,assets/images/thumbs/dopamine-design/mobile-app.webp,ism-slot-1,30,4cd0cfd3dd5cb9b1ac20de70493e31250e3e7cebde575e196fd1854f971cc3f4,0b845733c22420bba8678fa9640776d6abab1d7eb4584798f8a20909823e1f33,pass,pass,pass,pass,pass,pass,pass,pass,keep,Baseline sheet reviewed; no rubric defect observed.,4cd0cfd3dd5cb9b1ac20de70493e31250e3e7cebde575e196fd1854f971cc3f4,0b845733c22420bba8678fa9640776d6abab1d7eb4584798f8a20909823e1f33
design-isms-20260717-02,ism:dopamine-design:2:shop.png,ism,dopamine-design,2,shop.png,assets/images/dopamine-design/shop.png,assets/images/thumbs/dopamine-design/shop.webp,ism-slot-2,30,b51ad773d2bbefae48e378d5102e58e356e3f81a529d5c1480e159f41f9a33fe,e0d21cde949ba19d8d8c6e56e19482b27fce278314653836310b9129fd117d3d,pass,pass,pass,pass,pass,pass,pass,pass,keep,Baseline sheet reviewed; no rubric defect observed.,b51ad773d2bbefae48e378d5102e58e356e3f81a529d5c1480e159f41f9a33fe,e0d21cde949ba19d8d8c6e56e19482b27fce278314653836310b9129fd117d3d
design-isms-20260717-02,ism:anti-design:0:landing.png,ism,anti-design,0,landing.png,assets/images/anti-design/landing.png,assets/images/thumbs/anti-design/landing.webp,ism-slot-0,31,f4c4be746b4c2f129f6966b2bb7f31149b375fa37c7b1e81474d910a36b71c37,b3dfc55e57275b46a4aed5b6aa3323065a2c89b16b0af20133b1ff0798bf07bd,pass,pass,pass,pass,pass,pass,pass,pass,keep,Baseline sheet reviewed; no rubric defect observed.,f4c4be746b4c2f129f6966b2bb7f31149b375fa37c7b1e81474d910a36b71c37,b3dfc55e57275b46a4aed5b6aa3323065a2c89b16b0af20133b1ff0798bf07bd
design-isms-20260717-02,ism:anti-design:1:portfolio.png,ism,anti-design,1,portfolio.png,assets/images/anti-design/portfolio.png,assets/images/thumbs/anti-design/portfolio.webp,ism-slot-1,31,a112f7324413894625009050c35ee14b079afbf7b677806c6be00fe25e9a1b96,fc863672c62b6bc43da4e2e35bb16ca9afe1b1c848d54040f3411274cfee00b4,pass,pass,pass,pass,pass,pass,pass,pass,keep,Baseline sheet reviewed; no rubric defect observed.,a112f7324413894625009050c35ee14b079afbf7b677806c6be00fe25e9a1b96,fc863672c62b6bc43da4e2e35bb16ca9afe1b1c848d54040f3411274cfee00b4
design-isms-20260717-02,ism:anti-design:2:poster.png,ism,anti-design,2,poster.png,assets/images/anti-design/poster.png,assets/images/thumbs/anti-design/poster.webp,ism-slot-2,31,504534d973e945ba56bb0f0f923339b7e3988eef689db07b6d8ba818e9f0f1b5,714e660c7775ea69d5acbb793170b04f62f22e695cc6373f24e66d52683a001b,pass,pass,pass,pass,pass,pass,pass,pass,keep,Baseline sheet reviewed; no rubric defect observed.,504534d973e945ba56bb0f0f923339b7e3988eef689db07b6d8ba818e9f0f1b5,714e660c7775ea69d5acbb793170b04f62f22e695cc6373f24e66d52683a001b
design-isms-20260717-02,ism:cottagecore:0:landing.png,ism,cottagecore,0,landing.png,assets/images/cottagecore/landing.png,assets/images/thumbs/cottagecore/landing.webp,ism-slot-0,32,0b8a0c2356e9d6c73de24dbad8a6bc8450058701dce7cd6e17860ec08ff5e4e6,d7e159d440a6931295385257ab6feed58e2ade3f7e659c77d9df86d12cfb9cf6,pass,pass,pass,pass,pass,pass,pass,pass,keep,Baseline sheet reviewed; no rubric defect observed.,0b8a0c2356e9d6c73de24dbad8a6bc8450058701dce7cd6e17860ec08ff5e4e6,d7e159d440a6931295385257ab6feed58e2ade3f7e659c77d9df86d12cfb9cf6
design-isms-20260717-02,ism:cottagecore:1:shop.png,ism,cottagecore,1,shop.png,assets/images/cottagecore/shop.png,assets/images/thumbs/cottagecore/shop.webp,ism-slot-1,32,f2917bcf20483a7ae8e5299ce0059832f52fdefcdf3e0fbe6378b26c6ef2bc32,b0789ecd77718dd396f6339af453a5b57a887c1d522e989b63ea8af949f3cfb5,pass,pass,pass,pass,pass,pass,pass,pass,keep,Baseline sheet reviewed; no rubric defect observed.,f2917bcf20483a7ae8e5299ce0059832f52fdefcdf3e0fbe6378b26c6ef2bc32,b0789ecd77718dd396f6339af453a5b57a887c1d522e989b63ea8af949f3cfb5
design-isms-20260717-02,ism:cottagecore:2:blog.png,ism,cottagecore,2,blog.png,assets/images/cottagecore/blog.png,assets/images/thumbs/cottagecore/blog.webp,ism-slot-2,32,56b7258b089961d75838125f8f68440d152b6a911ff819efb6e33566029692d6,30629942be77b7dd25a0b51e980672027ca365f46282e113cf4303373c7203ca,pass,pass,pass,pass,pass,pass,pass,pass,keep,Baseline sheet reviewed; no rubric defect observed.,56b7258b089961d75838125f8f68440d152b6a911ff819efb6e33566029692d6,30629942be77b7dd25a0b51e980672027ca365f46282e113cf4303373c7203ca
design-isms-20260717-02,ism:solarpunk:0:landing.png,ism,solarpunk,0,landing.png,assets/images/solarpunk/landing.png,assets/images/thumbs/solarpunk/landing.webp,ism-slot-0,33,9b9d2bee580fecadfcb976a066f8ce6b547a864de16dfa88128d626c5d39e452,2ef5ed3a1747c316ebd13376d0a6c7357f5c0616894a57e66d69a263a4c94e7f,pass,pass,pass,pass,pass,pass,pass,pass,keep,Baseline sheet reviewed; no rubric defect observed.,9b9d2bee580fecadfcb976a066f8ce6b547a864de16dfa88128d626c5d39e452,2ef5ed3a1747c316ebd13376d0a6c7357f5c0616894a57e66d69a263a4c94e7f
design-isms-20260717-02,ism:solarpunk:1:app.png,ism,solarpunk,1,app.png,assets/images/solarpunk/app.png,assets/images/thumbs/solarpunk/app.webp,ism-slot-1,33,1bc43a67091579f5c42a49bc0632db7b198a7eba0801de9954cb6b7b8d403882,117b9211c9d72ce6109455641377b474eb267922b25ffde098957acf9cd64f86,pass,pass,pass,pass,pass,pass,pass,pass,keep,Baseline sheet reviewed; no rubric defect observed.,1bc43a67091579f5c42a49bc0632db7b198a7eba0801de9954cb6b7b8d403882,117b9211c9d72ce6109455641377b474eb267922b25ffde098957acf9cd64f86
design-isms-20260717-02,ism:solarpunk:2:shop.png,ism,solarpunk,2,shop.png,assets/images/solarpunk/shop.png,assets/images/thumbs/solarpunk/shop.webp,ism-slot-2,33,a689abcab8edf47fa615d16129504879785027be6ec09f9ecd96120c2f0703ce,3838dc61c5f5611943fa203a59a72460a5ac6c5a5f233ba6d1a66bfcc282bbcf,pass,pass,pass,pass,pass,pass,pass,pass,keep,Baseline sheet reviewed; no rubric defect observed.,a689abcab8edf47fa615d16129504879785027be6ec09f9ecd96120c2f0703ce,3838dc61c5f5611943fa203a59a72460a5ac6c5a5f233ba6d1a66bfcc282bbcf
design-isms-20260717-02,ism:indie-web:0:landing.png,ism,indie-web,0,landing.png,assets/images/indie-web/landing.png,assets/images/thumbs/indie-web/landing.webp,ism-slot-0,34,5bbdc344326fcb3c7436931ee5e85b1c3e3cb64cd2a03e7091408446cde3b16b,7b130144b0c5447cece75a16e376daef27ddd242b762666a18eaf62390923c82,pass,pass,pass,pass,pass,pass,fail,pass,replace,Visible desktop browser chrome violates the catalog prompt and distracts from the page itself.,367a7ad42a87ec3bb05afb9daab2db23f806aae613cb27ef248ef910a7c6bf31,6da484b254af270b7261f7571d6968609fc9abcc83539f72a40aa89394ff8617
design-isms-20260717-02,ism:indie-web:1:blog.png,ism,indie-web,1,blog.png,assets/images/indie-web/blog.png,assets/images/thumbs/indie-web/blog.webp,ism-slot-1,34,83d69de89a95b85982cabda03d645d243cdb7c1cd840c210a4dddb11f5612bd4,6929994803828aedb2a733caf49a2fc977266f0780e353daa6893969f955df6a,pass,pass,pass,pass,pass,pass,pass,pass,keep,Baseline sheet reviewed; no rubric defect observed.,83d69de89a95b85982cabda03d645d243cdb7c1cd840c210a4dddb11f5612bd4,6929994803828aedb2a733caf49a2fc977266f0780e353daa6893969f955df6a
design-isms-20260717-02,ism:indie-web:2:links.png,ism,indie-web,2,links.png,assets/images/indie-web/links.png,assets/images/thumbs/indie-web/links.webp,ism-slot-2,34,1428e4f5ab2bb4bc6a01c2f43f44fc2da0c74642f1e452316c44ee69286dc324,41fe3a15b380d65b454152c368d89be7343dab297a490df193175fbc64a476d3,pass,pass,pass,pass,pass,pass,pass,pass,keep,Baseline sheet reviewed; no rubric defect observed.,1428e4f5ab2bb4bc6a01c2f43f44fc2da0c74642f1e452316c44ee69286dc324,41fe3a15b380d65b454152c368d89be7343dab297a490df193175fbc64a476d3
design-isms-20260717-02,ism:editorial-typography:0:landing.png,ism,editorial-typography,0,landing.png,assets/images/editorial-typography/landing.png,assets/images/thumbs/editorial-typography/landing.webp,ism-slot-0,35,e2086753c75b0554e015c432380eb4e36d6792c990b11716ba7b8c39d7c25d57,435fe8719412c9ad037efa5b8e0a9008331cce5566112a8c665acf0c4fede661,pass,pass,pass,pass,pass,pass,pass,pass,keep,Baseline sheet reviewed; no rubric defect observed.,e2086753c75b0554e015c432380eb4e36d6792c990b11716ba7b8c39d7c25d57,435fe8719412c9ad037efa5b8e0a9008331cce5566112a8c665acf0c4fede661
design-isms-20260717-02,ism:editorial-typography:1:shop.png,ism,editorial-typography,1,shop.png,assets/images/editorial-typography/shop.png,assets/images/thumbs/editorial-typography/shop.webp,ism-slot-1,35,3151590f890755c55994baadf1677b13ec996d4fbdf4d6236daa49b64aaf0a44,b9e0cd77b8355a71e3a203e2456d01dc47703ac7390f10983b329f434b672eeb,pass,pass,pass,pass,pass,pass,pass,pass,keep,Baseline sheet reviewed; no rubric defect observed.,3151590f890755c55994baadf1677b13ec996d4fbdf4d6236daa49b64aaf0a44,b9e0cd77b8355a71e3a203e2456d01dc47703ac7390f10983b329f434b672eeb
design-isms-20260717-02,ism:editorial-typography:2:dashboard.png,ism,editorial-typography,2,dashboard.png,assets/images/editorial-typography/dashboard.png,assets/images/thumbs/editorial-typography/dashboard.webp,ism-slot-2,35,bfffe531c0b336c9bc66207b7efc0364208f0cdfce756150ce46c331a3348a53,6a27376ca996377dfd2dbb4de4045a3f8acfd6578e1d2419ae6fa95184d7ab4e,pass,pass,pass,pass,pass,pass,pass,pass,keep,Baseline sheet reviewed; no rubric defect observed.,bfffe531c0b336c9bc66207b7efc0364208f0cdfce756150ce46c331a3348a53,6a27376ca996377dfd2dbb4de4045a3f8acfd6578e1d2419ae6fa95184d7ab4e
design-isms-20260717-02,ism:variable-typography:0:landing.png,ism,variable-typography,0,landing.png,assets/images/variable-typography/landing.png,assets/images/thumbs/variable-typography/landing.webp,ism-slot-0,36,f4af66860447f060f7e9aafe92a49417bb2645b8b9554be4dd97fe2334df686c,1902bfee5db6306c1444354f5115851e28c5fade54ef2fddbc7cb65e2a521d38,pass,pass,pass,pass,pass,pass,pass,pass,keep,Baseline sheet reviewed; no rubric defect observed.,f4af66860447f060f7e9aafe92a49417bb2645b8b9554be4dd97fe2334df686c,1902bfee5db6306c1444354f5115851e28c5fade54ef2fddbc7cb65e2a521d38
design-isms-20260717-02,ism:variable-typography:1:shop.png,ism,variable-typography,1,shop.png,assets/images/variable-typography/shop.png,assets/images/thumbs/variable-typography/shop.webp,ism-slot-1,36,ac756a259b0ae6900d4003fb4b9b09e4103f3a70234f9944c3181f6acf7cffa0,7c3609b2c3dff0dfb7fb1bfbe54d346c518ceb5d0b6ed6561f205127281409b9,pass,pass,pass,pass,pass,pass,pass,pass,keep,Baseline sheet reviewed; no rubric defect observed.,ac756a259b0ae6900d4003fb4b9b09e4103f3a70234f9944c3181f6acf7cffa0,7c3609b2c3dff0dfb7fb1bfbe54d346c518ceb5d0b6ed6561f205127281409b9
design-isms-20260717-02,ism:variable-typography:2:dashboard.png,ism,variable-typography,2,dashboard.png,assets/images/variable-typography/dashboard.png,assets/images/thumbs/variable-typography/dashboard.webp,ism-slot-2,36,93640a222ea47047297ec0601e19520ea1414081f0eea7166813a881fa8308a7,648f4164b38f78f07e0fb9dc9dd5996d372f47d46a3d24e244df54a949c2a507,pass,pass,pass,pass,pass,pass,pass,pass,keep,Baseline sheet reviewed; no rubric defect observed.,93640a222ea47047297ec0601e19520ea1414081f0eea7166813a881fa8308a7,648f4164b38f78f07e0fb9dc9dd5996d372f47d46a3d24e244df54a949c2a507
design-isms-20260717-02,ism:monospace-terminal-ui:0:landing.png,ism,monospace-terminal-ui,0,landing.png,assets/images/monospace-terminal-ui/landing.png,assets/images/thumbs/monospace-terminal-ui/landing.webp,ism-slot-0,37,bc10e53632847a9e697f3c9ef00b70304e6bee2d9b3e656e1e6dbf4bec183d4a,6c8389270965a6b39d0ab27d12b835ed30e8683345ec5a68b22ff4f8f4f7b669,pass,pass,pass,pass,pass,pass,pass,pass,keep,Baseline sheet reviewed; no rubric defect observed.,bc10e53632847a9e697f3c9ef00b70304e6bee2d9b3e656e1e6dbf4bec183d4a,6c8389270965a6b39d0ab27d12b835ed30e8683345ec5a68b22ff4f8f4f7b669
design-isms-20260717-02,ism:monospace-terminal-ui:1:shop.png,ism,monospace-terminal-ui,1,shop.png,assets/images/monospace-terminal-ui/shop.png,assets/images/thumbs/monospace-terminal-ui/shop.webp,ism-slot-1,37,d48e311c071a9e62211abfa37e27c0da9ddf2e84a00f1a316a664c9b2942ecb9,352183a8a6c97a488fc85564f3189235d616fb85383c39f0ccae7e79b9f34a37,pass,pass,pass,pass,pass,pass,pass,pass,keep,Baseline sheet reviewed; no rubric defect observed.,d48e311c071a9e62211abfa37e27c0da9ddf2e84a00f1a316a664c9b2942ecb9,352183a8a6c97a488fc85564f3189235d616fb85383c39f0ccae7e79b9f34a37
design-isms-20260717-02,ism:monospace-terminal-ui:2:dashboard.png,ism,monospace-terminal-ui,2,dashboard.png,assets/images/monospace-terminal-ui/dashboard.png,assets/images/thumbs/monospace-terminal-ui/dashboard.webp,ism-slot-2,37,3d7cca22b6cc920a93966328d15101072254a521c49e5bb497f77f990505d71a,7362c21243b9d8dc845ac804c3c470c25a2b3d7f80141153f3d87b5ee32944b8,pass,pass,pass,pass,pass,pass,pass,pass,keep,Baseline sheet reviewed; no rubric defect observed.,3d7cca22b6cc920a93966328d15101072254a521c49e5bb497f77f990505d71a,7362c21243b9d8dc845ac804c3c470c25a2b3d7f80141153f3d87b5ee32944b8
design-isms-20260717-02,ism:pixel-art-ui:0:landing.png,ism,pixel-art-ui,0,landing.png,assets/images/pixel-art-ui/landing.png,assets/images/thumbs/pixel-art-ui/landing.webp,ism-slot-0,38,6c1859c4918186ac43c2454dfc683af76b693c18d061d21d2341de3d1410071f,79e0beff64f0208d656a02bd588c2be0989169c6fa24e8ebfaae8f439700b926,pass,pass,pass,pass,pass,pass,pass,pass,keep,Baseline sheet reviewed; no rubric defect observed.,6c1859c4918186ac43c2454dfc683af76b693c18d061d21d2341de3d1410071f,79e0beff64f0208d656a02bd588c2be0989169c6fa24e8ebfaae8f439700b926
design-isms-20260717-02,ism:pixel-art-ui:1:shop.png,ism,pixel-art-ui,1,shop.png,assets/images/pixel-art-ui/shop.png,assets/images/thumbs/pixel-art-ui/shop.webp,ism-slot-1,38,1e4843f3292b4d6ababf5e08d940c0b5b3c2ee5c8bfcad5a7777fc41f8bccff7,d45e1b06fd5723192f194ae927a5d6ffa4f1b63b86bc8bd02d3c6c207598b333,pass,pass,pass,pass,pass,pass,pass,pass,keep,Baseline sheet reviewed; no rubric defect observed.,1e4843f3292b4d6ababf5e08d940c0b5b3c2ee5c8bfcad5a7777fc41f8bccff7,d45e1b06fd5723192f194ae927a5d6ffa4f1b63b86bc8bd02d3c6c207598b333
design-isms-20260717-02,ism:pixel-art-ui:2:dashboard.png,ism,pixel-art-ui,2,dashboard.png,assets/images/pixel-art-ui/dashboard.png,assets/images/thumbs/pixel-art-ui/dashboard.webp,ism-slot-2,38,70984980e2103828067b96b99653d9772006ad67ebc64703a11e9f334f9c0abd,f9f5ad0c51709b6e683c042db490e23c62dfdb6c00688bf29f68a75d0e09702b,pass,pass,pass,pass,pass,pass,pass,pass,keep,Baseline sheet reviewed; no rubric defect observed.,70984980e2103828067b96b99653d9772006ad67ebc64703a11e9f334f9c0abd,f9f5ad0c51709b6e683c042db490e23c62dfdb6c00688bf29f68a75d0e09702b
design-isms-20260717-02,ism:de-stijl:0:landing.png,ism,de-stijl,0,landing.png,assets/images/de-stijl/landing.png,assets/images/thumbs/de-stijl/landing.webp,ism-slot-0,39,f92de6df4f428d1280eeb987e699457d8d7dc010950c4106c40ad03b3770147f,981046902455dd31a967f986c3c00b6477a09135132a90a3c0937146165620ac,pass,pass,pass,pass,pass,pass,pass,pass,keep,Baseline sheet reviewed; no rubric defect observed.,f92de6df4f428d1280eeb987e699457d8d7dc010950c4106c40ad03b3770147f,981046902455dd31a967f986c3c00b6477a09135132a90a3c0937146165620ac
design-isms-20260717-02,ism:de-stijl:1:shop.png,ism,de-stijl,1,shop.png,assets/images/de-stijl/shop.png,assets/images/thumbs/de-stijl/shop.webp,ism-slot-1,39,4ac8379c8fd99ba8898d0a5ec5dd2005a675db43914eb862f46503043e79ef8d,6dcd253e9bececd4f0820c99e64cbffdf6cd49d735189fad4f677f9f9b26c552,pass,pass,pass,pass,pass,pass,pass,pass,keep,Baseline sheet reviewed; no rubric defect observed.,4ac8379c8fd99ba8898d0a5ec5dd2005a675db43914eb862f46503043e79ef8d,6dcd253e9bececd4f0820c99e64cbffdf6cd49d735189fad4f677f9f9b26c552
design-isms-20260717-02,ism:de-stijl:2:dashboard.png,ism,de-stijl,2,dashboard.png,assets/images/de-stijl/dashboard.png,assets/images/thumbs/de-stijl/dashboard.webp,ism-slot-2,39,78fd2e9e1a5698350c8b67e5e30ac1fdf8b58ffbc5c7d6612010f9f93e8b9d6d,4bbf9e7f52805e0dbebb87e0499140c778e7bf1a5427fc826964e731e7481f9c,pass,pass,pass,pass,pass,pass,pass,pass,keep,Baseline sheet reviewed; no rubric defect observed.,78fd2e9e1a5698350c8b67e5e30ac1fdf8b58ffbc5c7d6612010f9f93e8b9d6d,4bbf9e7f52805e0dbebb87e0499140c778e7bf1a5427fc826964e731e7481f9c
design-isms-20260717-02,ism:constructivism:0:landing.png,ism,constructivism,0,landing.png,assets/images/constructivism/landing.png,assets/images/thumbs/constructivism/landing.webp,ism-slot-0,40,cf98247482a18858250b2a7ce413b8c2a4190582c3c1e708b39d62bae3e74d2f,ddc5a5b8ca2dc7d65517ab9284903cf413e3ba78d1783db84a450d6fc4d21e3b,pass,pass,pass,pass,pass,pass,pass,pass,keep,Baseline sheet reviewed; no rubric defect observed.,cf98247482a18858250b2a7ce413b8c2a4190582c3c1e708b39d62bae3e74d2f,ddc5a5b8ca2dc7d65517ab9284903cf413e3ba78d1783db84a450d6fc4d21e3b
design-isms-20260717-02,ism:constructivism:1:shop.png,ism,constructivism,1,shop.png,assets/images/constructivism/shop.png,assets/images/thumbs/constructivism/shop.webp,ism-slot-1,40,1df9dabd6a7181db0fa080ea4171eb0d0bc0c3a1bdf1201ae9d99fdd177aa2ae,21a4a6c4feb9368203ab1e0c6e963527e946a425dfb64005a314ec4e07462bc4,pass,pass,pass,pass,pass,pass,pass,pass,keep,Baseline sheet reviewed; no rubric defect observed.,1df9dabd6a7181db0fa080ea4171eb0d0bc0c3a1bdf1201ae9d99fdd177aa2ae,21a4a6c4feb9368203ab1e0c6e963527e946a425dfb64005a314ec4e07462bc4
design-isms-20260717-02,ism:constructivism:2:dashboard.png,ism,constructivism,2,dashboard.png,assets/images/constructivism/dashboard.png,assets/images/thumbs/constructivism/dashboard.webp,ism-slot-2,40,4488f3b067fc6ee621b2f3c294ee67d32d73b45af27b868a5d53d1a71d2318bc,785a70ffe3c19cc77dc41f52151c13b7b965d62590bf2bf20df4a7fe4bd052d8,pass,pass,pass,pass,pass,pass,pass,pass,keep,Baseline sheet reviewed; no rubric defect observed.,4488f3b067fc6ee621b2f3c294ee67d32d73b45af27b868a5d53d1a71d2318bc,785a70ffe3c19cc77dc41f52151c13b7b965d62590bf2bf20df4a7fe4bd052d8
design-isms-20260717-02,ism:isometric-3d-ui:0:landing.png,ism,isometric-3d-ui,0,landing.png,assets/images/isometric-3d-ui/landing.png,assets/images/thumbs/isometric-3d-ui/landing.webp,ism-slot-0,41,7b4ae392de3c91000e8df42bdeb76093201a05d7ebe5f60100acddbe0a2d01c0,76da258c22285c6ec53386b998c0e2698544bf0bfa3395f59b2fca27bf02cdbe,pass,pass,pass,pass,pass,pass,pass,pass,keep,Baseline sheet reviewed; no rubric defect observed.,7b4ae392de3c91000e8df42bdeb76093201a05d7ebe5f60100acddbe0a2d01c0,76da258c22285c6ec53386b998c0e2698544bf0bfa3395f59b2fca27bf02cdbe
design-isms-20260717-02,ism:isometric-3d-ui:1:shop.png,ism,isometric-3d-ui,1,shop.png,assets/images/isometric-3d-ui/shop.png,assets/images/thumbs/isometric-3d-ui/shop.webp,ism-slot-1,41,ab473a7606cf8920132982663fb4f1aee092add9b0c2d27d062f1009a8039c0b,d783cf41884d0bd81eedfc0790716622f91b8acead0cc6cadea2f886f870b0af,pass,pass,pass,pass,pass,pass,pass,pass,keep,Baseline sheet reviewed; no rubric defect observed.,ab473a7606cf8920132982663fb4f1aee092add9b0c2d27d062f1009a8039c0b,d783cf41884d0bd81eedfc0790716622f91b8acead0cc6cadea2f886f870b0af
design-isms-20260717-02,ism:isometric-3d-ui:2:dashboard.png,ism,isometric-3d-ui,2,dashboard.png,assets/images/isometric-3d-ui/dashboard.png,assets/images/thumbs/isometric-3d-ui/dashboard.webp,ism-slot-2,41,20ccfe8b4bdf08e93ee006779594db37d374d032a34d9737ec6fa597dae3e711,e55ab57c2ff60d60fe6fc2f14642830efef7cf0619c099faf6becbbb456edcd1,pass,pass,pass,pass,pass,pass,pass,pass,keep,Baseline sheet reviewed; no rubric defect observed.,20ccfe8b4bdf08e93ee006779594db37d374d032a34d9737ec6fa597dae3e711,e55ab57c2ff60d60fe6fc2f14642830efef7cf0619c099faf6becbbb456edcd1
design-isms-20260717-02,ism:pop-art:0:landing.png,ism,pop-art,0,landing.png,assets/images/pop-art/landing.png,assets/images/thumbs/pop-art/landing.webp,ism-slot-0,42,08126c578e6bce581cd8d812f4542270b92f9a0ae729602c73aae5e06b6dc97a,ce42b06a3f8bf1658fbfc035452e102ec99e1661a9cea572a61eb4436de9aa89,pass,pass,pass,pass,pass,pass,pass,pass,keep,Baseline sheet reviewed; no rubric defect observed.,08126c578e6bce581cd8d812f4542270b92f9a0ae729602c73aae5e06b6dc97a,ce42b06a3f8bf1658fbfc035452e102ec99e1661a9cea572a61eb4436de9aa89
design-isms-20260717-02,ism:pop-art:1:shop.png,ism,pop-art,1,shop.png,assets/images/pop-art/shop.png,assets/images/thumbs/pop-art/shop.webp,ism-slot-1,42,3442dfbefd0c8334e32186aeb46b70dc9ed95432110445805f75b337e956fb59,7ed65a2e7fe439ad7c9deee15598a8f16dfe7d1acd79efa96582f6e495749068,pass,pass,pass,pass,pass,pass,pass,pass,keep,Baseline sheet reviewed; no rubric defect observed.,3442dfbefd0c8334e32186aeb46b70dc9ed95432110445805f75b337e956fb59,7ed65a2e7fe439ad7c9deee15598a8f16dfe7d1acd79efa96582f6e495749068
design-isms-20260717-02,ism:pop-art:2:dashboard.png,ism,pop-art,2,dashboard.png,assets/images/pop-art/dashboard.png,assets/images/thumbs/pop-art/dashboard.webp,ism-slot-2,42,ea6f541eba3c2c0611633e91527e8d1fbff989c41c52dc31206b861557f02ed4,44d548681b18fc043ac6893e0eabf4bd4b2ab117565b5e95cceeaf7899d550f4,pass,pass,pass,pass,pass,pass,pass,pass,keep,Baseline sheet reviewed; no rubric defect observed.,ea6f541eba3c2c0611633e91527e8d1fbff989c41c52dc31206b861557f02ed4,44d548681b18fc043ac6893e0eabf4bd4b2ab117565b5e95cceeaf7899d550f4
design-isms-20260717-02,ism:ai-slop:0:landing.png,ism,ai-slop,0,landing.png,assets/images/ai-slop/landing.png,assets/images/thumbs/ai-slop/landing.webp,ism-slot-0,43,8ae8de9542b83f3c4bb9bf3786839d71e97443161e4f5a7ff9c5c4c7e93ebd9b,9f9020bfc4b7e0245c431dd192f42a6a0d1fc33c6eb25d70221dc8ba0e0008d3,pass,pass,pass,pass,pass,pass,pass,pass,keep,Baseline sheet reviewed; no rubric defect observed.,8ae8de9542b83f3c4bb9bf3786839d71e97443161e4f5a7ff9c5c4c7e93ebd9b,9f9020bfc4b7e0245c431dd192f42a6a0d1fc33c6eb25d70221dc8ba0e0008d3
design-isms-20260717-02,ism:ai-slop:1:saas.png,ism,ai-slop,1,saas.png,assets/images/ai-slop/saas.png,assets/images/thumbs/ai-slop/saas.webp,ism-slot-1,43,9fc7dd12489660a43f32caab3d16f06290aea8db1bf05f49a08088fb25ac276f,34c72ac29655d28cac40cc5c0eca75f8325bb95035ed08a87ccc7d2489805994,pass,pass,pass,pass,pass,pass,pass,pass,keep,Baseline sheet reviewed; no rubric defect observed.,9fc7dd12489660a43f32caab3d16f06290aea8db1bf05f49a08088fb25ac276f,34c72ac29655d28cac40cc5c0eca75f8325bb95035ed08a87ccc7d2489805994
design-isms-20260717-02,ism:ai-slop:2:dashboard.png,ism,ai-slop,2,dashboard.png,assets/images/ai-slop/dashboard.png,assets/images/thumbs/ai-slop/dashboard.webp,ism-slot-2,43,6fca1e896be9bc80ac3c46ef764678ba8cb509e597e384c859c9428b10f46c5b,f214e9049f0703c3f977589fd1e4e56d48cc2e8677b10dc6c1d9bb702d518fdc,pass,pass,pass,pass,pass,pass,pass,pass,keep,Baseline sheet reviewed; no rubric defect observed.,6fca1e896be9bc80ac3c46ef764678ba8cb509e597e384c859c9428b10f46c5b,f214e9049f0703c3f977589fd1e4e56d48cc2e8677b10dc6c1d9bb702d518fdc
design-isms-20260717-02,ism:refractive-glass-ui:0:landing.png,ism,refractive-glass-ui,0,landing.png,assets/images/refractive-glass-ui/landing.png,assets/images/thumbs/refractive-glass-ui/landing.webp,ism-slot-0,44,71ff69f691e16ad52693524502993a37d70919dcefab8b3a514d1c9121391dc5,1256e6c3db1e6ac395db480ed66f3d82cd42e12c6bee3dc992b9f9a65cac1f52,pass,pass,pass,pass,fail,pass,pass,pass,replace,2026-09-06 img-000007: original overweights serif heading and repeated outlined glass controls; approved product-led single-nav replacement.,bfb0f95167b1c08b324e0dac17407c06f1372866ad88a7586ad9c4be41009f78,2e1c716ca5093aa083a62dee5b7179cb302941ec9bfec6520100c362445b2139
design-isms-20260717-02,ism:refractive-glass-ui:1:mobile-app.png,ism,refractive-glass-ui,1,mobile-app.png,assets/images/refractive-glass-ui/mobile-app.png,assets/images/thumbs/refractive-glass-ui/mobile-app.webp,ism-slot-1,44,034d73612149933071033665dcaacd7f037d21ce89b283b37f36b9b95502875e,0cde0db182f39a5795b3d6f49674b155bc07ba92e3948f15db81e92b8a58337c,pass,pass,fail,pass,fail,pass,pass,pass,replace,2026-09-06 img-000009: original uses desktop sidebars and duplicate playback controls; approved single-player landscape mobile replacement with readable header.,d598feadf78f0b9ae8879951cf8dfc5fc6608c4705bca92cfc30d95a73ea4d91,e49a9ded0815ee3e387ed8e92f2af26e631080abb43cca1e9fcf4856fcceca65
design-isms-20260717-02,ism:refractive-glass-ui:2:dashboard.png,ism,refractive-glass-ui,2,dashboard.png,assets/images/refractive-glass-ui/dashboard.png,assets/images/thumbs/refractive-glass-ui/dashboard.webp,ism-slot-2,44,b796b653aee155f54bb96e7f6f0a6b01c8eb229f20fea756c9f08e9c2bbad202,c2ebbf2983acfabdd481d4ea1ef2e27ccb92510d006056b1db8124803b708a71,pass,pass,pass,pass,pass,pass,pass,pass,keep,Baseline sheet reviewed; no rubric defect observed.,b796b653aee155f54bb96e7f6f0a6b01c8eb229f20fea756c9f08e9c2bbad202,c2ebbf2983acfabdd481d4ea1ef2e27ccb92510d006056b1db8124803b708a71
design-isms-20260717-02,ism:spatial-ui:0:landing.png,ism,spatial-ui,0,landing.png,assets/images/spatial-ui/landing.png,assets/images/thumbs/spatial-ui/landing.webp,ism-slot-0,45,fff4129ab4c3bd0eed043e5e63bb3fb9c1709fa6a5d043618810dd248ba87d6b,aa4b4380ff7156b3910cfe42398dede60d9893d945c643be2ba6822c800cf67d,pass,pass,pass,pass,pass,pass,pass,pass,keep,Baseline sheet reviewed; no rubric defect observed.,fff4129ab4c3bd0eed043e5e63bb3fb9c1709fa6a5d043618810dd248ba87d6b,aa4b4380ff7156b3910cfe42398dede60d9893d945c643be2ba6822c800cf67d
design-isms-20260717-02,ism:spatial-ui:1:dashboard.png,ism,spatial-ui,1,dashboard.png,assets/images/spatial-ui/dashboard.png,assets/images/thumbs/spatial-ui/dashboard.webp,ism-slot-1,45,cbe180dd0b5917326d4e0cc4cec86a277e6b24483dc80e1b3abf0f78b332a5b1,c164f13be975af1d7c186f517b7864767f92703f20c77182eebe2d1ce4d2d820,pass,pass,pass,pass,pass,pass,pass,pass,keep,Baseline sheet reviewed; no rubric defect observed.,cbe180dd0b5917326d4e0cc4cec86a277e6b24483dc80e1b3abf0f78b332a5b1,c164f13be975af1d7c186f517b7864767f92703f20c77182eebe2d1ce4d2d820
design-isms-20260717-02,ism:spatial-ui:2:portfolio.png,ism,spatial-ui,2,portfolio.png,assets/images/spatial-ui/portfolio.png,assets/images/thumbs/spatial-ui/portfolio.webp,ism-slot-2,45,b0d70004e30430699c87673c9e23438a6261be2f3734abd1b56f567f226cbb17,9d5a8aeb07a4d7304841251d223592cad8a9e1717232409e3dd3d46d3d77d097,pass,pass,pass,pass,pass,pass,pass,pass,keep,Baseline sheet reviewed; no rubric defect observed.,b0d70004e30430699c87673c9e23438a6261be2f3734abd1b56f567f226cbb17,9d5a8aeb07a4d7304841251d223592cad8a9e1717232409e3dd3d46d3d77d097
design-isms-20260717-02,ism:human-crafted-web:0:landing.png,ism,human-crafted-web,0,landing.png,assets/images/human-crafted-web/landing.png,assets/images/thumbs/human-crafted-web/landing.webp,ism-slot-0,46,46f6a606311b7ff13febbcfc48ef26be1a8cb2388d11188719e89486b065b27b,a1b8134aaf87002210098dd2848c4382cb8cdd43183564b673555ee2056dcba2,pass,pass,pass,pass,pass,pass,pass,pass,keep,Baseline sheet reviewed; no rubric defect observed.,46f6a606311b7ff13febbcfc48ef26be1a8cb2388d11188719e89486b065b27b,a1b8134aaf87002210098dd2848c4382cb8cdd43183564b673555ee2056dcba2
design-isms-20260717-02,ism:human-crafted-web:1:shop.png,ism,human-crafted-web,1,shop.png,assets/images/human-crafted-web/shop.png,assets/images/thumbs/human-crafted-web/shop.webp,ism-slot-1,46,05b576fddd49550dc27f8e0fc81d5d57e1ff43e69a00849e646cdcdb41810c63,4fdbfa1b7fee8e84a4b8fe35dd0587290ebe1fcd935df8c92f740b7722e2b82f,pass,pass,pass,pass,pass,pass,pass,pass,keep,Baseline sheet reviewed; no rubric defect observed.,05b576fddd49550dc27f8e0fc81d5d57e1ff43e69a00849e646cdcdb41810c63,4fdbfa1b7fee8e84a4b8fe35dd0587290ebe1fcd935df8c92f740b7722e2b82f
design-isms-20260717-02,ism:human-crafted-web:2:portfolio.png,ism,human-crafted-web,2,portfolio.png,assets/images/human-crafted-web/portfolio.png,assets/images/thumbs/human-crafted-web/portfolio.webp,ism-slot-2,46,01b62bd6c9a291561db87e37a690b4b191aceba2d2df231c0eca7beb38be6713,273267ea4290395ec8abf89346eee02bfc7b82a3712f68a503d7d2899c899a07,pass,pass,pass,pass,pass,pass,pass,pass,keep,Baseline sheet reviewed; no rubric defect observed.,01b62bd6c9a291561db87e37a690b4b191aceba2d2df231c0eca7beb38be6713,273267ea4290395ec8abf89346eee02bfc7b82a3712f68a503d7d2899c899a07
design-isms-20260717-02,ism:generative-identity:0:agency.png,ism,generative-identity,0,agency.png,assets/images/generative-identity/agency.png,assets/images/thumbs/generative-identity/agency.webp,ism-slot-0,47,5aa2ca2d6c59d2125e6e284de1126dca30a6f50a5ef7a2a4b140a3f42722abb1,87f7f202fced7a855ee62771a1681d5462a9bf0209b6a9a7e4c0d5ac2a896941,pass,pass,pass,pass,pass,pass,pass,pass,keep,Baseline sheet reviewed; no rubric defect observed.,5aa2ca2d6c59d2125e6e284de1126dca30a6f50a5ef7a2a4b140a3f42722abb1,87f7f202fced7a855ee62771a1681d5462a9bf0209b6a9a7e4c0d5ac2a896941
design-isms-20260717-02,ism:generative-identity:1:pricing.png,ism,generative-identity,1,pricing.png,assets/images/generative-identity/pricing.png,assets/images/thumbs/generative-identity/pricing.webp,ism-slot-1,47,2a4cdcdc9294d47fc2ba78d19c8a2931300939a1cf0d2183922868cf7a3a0dc8,bf765c79ce7ff521c938784afdfae478e7d625105960627d867c3f032e66ba2a,pass,pass,pass,pass,pass,pass,pass,pass,keep,Baseline sheet reviewed; no rubric defect observed.,2a4cdcdc9294d47fc2ba78d19c8a2931300939a1cf0d2183922868cf7a3a0dc8,bf765c79ce7ff521c938784afdfae478e7d625105960627d867c3f032e66ba2a
design-isms-20260717-02,ism:generative-identity:2:portfolio.png,ism,generative-identity,2,portfolio.png,assets/images/generative-identity/portfolio.png,assets/images/thumbs/generative-identity/portfolio.webp,ism-slot-2,47,7007b6a1fe95caaba45785b601c393c8b548aef5e46f1033a98c699ddbb910f4,88f50b194862392e21c158b21e7aa8a0f40cd252c823917ccb8615d5d04a71e5,pass,pass,pass,pass,pass,pass,pass,pass,keep,Baseline sheet reviewed; no rubric defect observed.,7007b6a1fe95caaba45785b601c393c8b548aef5e46f1033a98c699ddbb910f4,88f50b194862392e21c158b21e7aa8a0f40cd252c823917ccb8615d5d04a71e5
design-isms-20260717-02,ism:technical-blueprint:0:landing.png,ism,technical-blueprint,0,landing.png,assets/images/technical-blueprint/landing.png,assets/images/thumbs/technical-blueprint/landing.webp,ism-slot-0,48,e2e6fac39742b958e417424713d82e15808b14ce1686ac547e5b871baea7e1ae,4149c47c702518cbb08cfa1517ca75c47f904d59ee0a596f96a2cd7501da858d,pass,pass,pass,pass,pass,pass,pass,pass,keep,Baseline sheet reviewed; no rubric defect observed.,e2e6fac39742b958e417424713d82e15808b14ce1686ac547e5b871baea7e1ae,4149c47c702518cbb08cfa1517ca75c47f904d59ee0a596f96a2cd7501da858d
design-isms-20260717-02,ism:technical-blueprint:1:blog.png,ism,technical-blueprint,1,blog.png,assets/images/technical-blueprint/blog.png,assets/images/thumbs/technical-blueprint/blog.webp,ism-slot-1,48,c8d78d3782d76dbb6082b89f13fb74261eb1f04bc7fa04dd0c9b0ea940c3e5ac,285f9370935eba41e523b79092d7833768d5026811be717c2756bb754dad77e5,pass,pass,pass,pass,pass,pass,pass,pass,keep,Baseline sheet reviewed; no rubric defect observed.,c8d78d3782d76dbb6082b89f13fb74261eb1f04bc7fa04dd0c9b0ea940c3e5ac,285f9370935eba41e523b79092d7833768d5026811be717c2756bb754dad77e5
design-isms-20260717-02,ism:technical-blueprint:2:dashboard.png,ism,technical-blueprint,2,dashboard.png,assets/images/technical-blueprint/dashboard.png,assets/images/thumbs/technical-blueprint/dashboard.webp,ism-slot-2,48,a5f824a147495911baaca5c3919fa8fb8553e4a5e0e9e128a813cf19b4728827,bf75cc5541021655e38822ec9092718bbb3a0e0c2a92f83e992d9e3fe96824e5,pass,pass,pass,pass,pass,pass,pass,pass,keep,Baseline sheet reviewed; no rubric defect observed.,a5f824a147495911baaca5c3919fa8fb8553e4a5e0e9e128a813cf19b4728827,bf75cc5541021655e38822ec9092718bbb3a0e0c2a92f83e992d9e3fe96824e5
design-isms-20260717-02,effect:bottom-sheet:guide:guide.png,effect,bottom-sheet,guide,guide.png,assets/images/effects/bottom-sheet/guide.png,assets/images/thumbs/effects/bottom-sheet/guide.webp,effects-guide,0,73d3c83f48dc7ddcc18ac83f77209619ef7d61ffc6ac1886fbcc69d4256a4fe4,e84bda1674051d89353371485841c7476457b8be59e464de9e7c54e0355acd73,pass,pass,pass,pass,pass,pass,pass,pass,keep,Baseline sheet reviewed; no rubric defect observed.,73d3c83f48dc7ddcc18ac83f77209619ef7d61ffc6ac1886fbcc69d4256a4fe4,e84bda1674051d89353371485841c7476457b8be59e464de9e7c54e0355acd73
design-isms-20260717-02,effect:full-screen-mobile-modal:guide:guide.png,effect,full-screen-mobile-modal,guide,guide.png,assets/images/effects/full-screen-mobile-modal/guide.png,assets/images/thumbs/effects/full-screen-mobile-modal/guide.webp,effects-guide,1,863eccd4b06e372585970f8905aeaa62bd9ee0d20c841a972e81a0d4b2489698,2b85a1b86d6d5198bbdcbe1b52a201a96e8b3a17bb2969bd6f348b750ac05371,pass,pass,pass,pass,pass,pass,pass,pass,keep,Baseline sheet reviewed; no rubric defect observed.,863eccd4b06e372585970f8905aeaa62bd9ee0d20c841a972e81a0d4b2489698,2b85a1b86d6d5198bbdcbe1b52a201a96e8b3a17bb2969bd6f348b750ac05371
design-isms-20260717-02,effect:drawer-navigation:guide:guide.png,effect,drawer-navigation,guide,guide.png,assets/images/effects/drawer-navigation/guide.png,assets/images/thumbs/effects/drawer-navigation/guide.webp,effects-guide,2,9a92208f3fa741534e601f63ad206e1fcf92251434e05e4c622eab82eac78a7a,46477b43d991e708fba7149bedcd126fbbdd0f0b3bf414052fe3e109dbf6a6e0,pass,pass,pass,pass,pass,pass,pass,pass,keep,Baseline sheet reviewed; no rubric defect observed.,9a92208f3fa741534e601f63ad206e1fcf92251434e05e4c622eab82eac78a7a,46477b43d991e708fba7149bedcd126fbbdd0f0b3bf414052fe3e109dbf6a6e0
design-isms-20260717-02,effect:sticky-cta-bar:guide:guide.png,effect,sticky-cta-bar,guide,guide.png,assets/images/effects/sticky-cta-bar/guide.png,assets/images/thumbs/effects/sticky-cta-bar/guide.webp,effects-guide,3,fd1e0518f2c0453adf4b7c7d8166e9923f06af299144696d149bf9a81c76637c,1d3c17107e37eb25fad33c171f39859a9dc3422e57d3316eb5384916ec89f726,pass,pass,pass,pass,pass,pass,pass,pass,keep,Baseline sheet reviewed; no rubric defect observed.,fd1e0518f2c0453adf4b7c7d8166e9923f06af299144696d149bf9a81c76637c,1d3c17107e37eb25fad33c171f39859a9dc3422e57d3316eb5384916ec89f726
design-isms-20260717-02,effect:scroll-reveal:guide:guide.png,effect,scroll-reveal,guide,guide.png,assets/images/effects/scroll-reveal/guide.png,assets/images/thumbs/effects/scroll-reveal/guide.webp,effects-guide,4,b81db0fc52d2e84b2949839a4462731559e3bed403a86f98071e0c60335a14e4,1190f0b4bf9841cb01dc081bd721cb58cd485919d40a992f469ed54a92f22127,pass,pass,pass,pass,pass,pass,pass,pass,keep,Baseline sheet reviewed; no rubric defect observed.,b81db0fc52d2e84b2949839a4462731559e3bed403a86f98071e0c60335a14e4,1190f0b4bf9841cb01dc081bd721cb58cd485919d40a992f469ed54a92f22127
design-isms-20260717-02,effect:staggered-cards:guide:guide.png,effect,staggered-cards,guide,guide.png,assets/images/effects/staggered-cards/guide.png,assets/images/thumbs/effects/staggered-cards/guide.webp,effects-guide,5,5093239c4141c2b6d7b74f3eb105e59d397ec35e599ab20a2e553d901dc33564,2b5c3e5d794da153b160b7808a8a09f2d0feaf4928286632bf2c2decb0a3719c,pass,pass,pass,pass,pass,pass,pass,pass,keep,Baseline sheet reviewed; no rubric defect observed.,5093239c4141c2b6d7b74f3eb105e59d397ec35e599ab20a2e553d901dc33564,2b5c3e5d794da153b160b7808a8a09f2d0feaf4928286632bf2c2decb0a3719c
design-isms-20260717-02,effect:press-scale:guide:guide.png,effect,press-scale,guide,guide.png,assets/images/effects/press-scale/guide.png,assets/images/thumbs/effects/press-scale/guide.webp,effects-guide,6,3bc647ebe2ec2c94b0f89fcec495df7b36ff926871438371f3c0e7e17b66cbea,ca153428e8bfe254ad71d23adc7f330dede3958bd89e8fa7140675b4854532a3,pass,pass,pass,pass,pass,pass,pass,pass,keep,Baseline sheet reviewed; no rubric defect observed.,3bc647ebe2ec2c94b0f89fcec495df7b36ff926871438371f3c0e7e17b66cbea,ca153428e8bfe254ad71d23adc7f330dede3958bd89e8fa7140675b4854532a3
design-isms-20260717-02,effect:swipe-action:guide:guide.png,effect,swipe-action,guide,guide.png,assets/images/effects/swipe-action/guide.png,assets/images/thumbs/effects/swipe-action/guide.webp,effects-guide,7,a5bb2b8ef9e9255bb5d2b4875f419599e241686715f4395492b5c6300d28d9c0,e097b2fa20db0058c4baa2dd5ce792ead8eefe85fbbbc3d62474d490c6f0f1ff,pass,pass,pass,pass,pass,pass,pass,pass,keep,Baseline sheet reviewed; no rubric defect observed.,a5bb2b8ef9e9255bb5d2b4875f419599e241686715f4395492b5c6300d28d9c0,e097b2fa20db0058c4baa2dd5ce792ead8eefe85fbbbc3d62474d490c6f0f1ff
design-isms-20260717-02,effect:skeleton-loading:guide:guide.png,effect,skeleton-loading,guide,guide.png,assets/images/effects/skeleton-loading/guide.png,assets/images/thumbs/effects/skeleton-loading/guide.webp,effects-guide,8,1aca9155e73e6e0d1e6257f4e52c1ffc20e90885a8a0431bfc7ceca64efdac49,95aa14cf3fe5a7153910120d599ed2216578ea9128b219a930b5637edeeb05f0,pass,pass,pass,pass,pass,pass,pass,pass,keep,Baseline sheet reviewed; no rubric defect observed.,1aca9155e73e6e0d1e6257f4e52c1ffc20e90885a8a0431bfc7ceca64efdac49,95aa14cf3fe5a7153910120d599ed2216578ea9128b219a930b5637edeeb05f0
design-isms-20260717-02,effect:toast:guide:guide.png,effect,toast,guide,guide.png,assets/images/effects/toast/guide.png,assets/images/thumbs/effects/toast/guide.webp,effects-guide,9,7ccf5a2917b7cf15a7f1023780e5b3103c73664b28964d52994233a7fbe21672,2f331a4850d525ec7e09a86528269c9373fe756e4f9cab72a47b8b37459d7336,pass,pass,pass,pass,pass,pass,pass,pass,keep,Baseline sheet reviewed; no rubric defect observed.,7ccf5a2917b7cf15a7f1023780e5b3103c73664b28964d52994233a7fbe21672,2f331a4850d525ec7e09a86528269c9373fe756e4f9cab72a47b8b37459d7336
design-isms-20260717-02,effect:segmented-control:guide:guide.png,effect,segmented-control,guide,guide.png,assets/images/effects/segmented-control/guide.png,assets/images/thumbs/effects/segmented-control/guide.webp,effects-guide,10,d4d618e2fb63444a65d302ecca6f36b10aa829976797e323813a3635cba4bf29,3a81c97460914dd1cb9d46ceb291578ac0e47d8c6b0d3f6ab31e4ce5a8bc8b98,pass,pass,pass,pass,pass,pass,pass,pass,keep,Baseline sheet reviewed; no rubric defect observed.,d4d618e2fb63444a65d302ecca6f36b10aa829976797e323813a3635cba4bf29,3a81c97460914dd1cb9d46ceb291578ac0e47d8c6b0d3f6ab31e4ce5a8bc8b98
design-isms-20260717-02,effect:image-lightbox:guide:guide.png,effect,image-lightbox,guide,guide.png,assets/images/effects/image-lightbox/guide.png,assets/images/thumbs/effects/image-lightbox/guide.webp,effects-guide,11,c45d89482ef98665698670d1802c8fce049b909765592810ad2c8209029bb2a0,42807ef792a714f71363eaf47f084165f97fb69c1c741be34c99a23ba92e1c4f,pass,pass,pass,pass,pass,pass,pass,pass,keep,Baseline sheet reviewed; no rubric defect observed.,c45d89482ef98665698670d1802c8fce049b909765592810ad2c8209029bb2a0,42807ef792a714f71363eaf47f084165f97fb69c1c741be34c99a23ba92e1c4f
design-isms-20260717-02,effect:sticky-tab-bar:guide:guide.png,effect,sticky-tab-bar,guide,guide.png,assets/images/effects/sticky-tab-bar/guide.png,assets/images/thumbs/effects/sticky-tab-bar/guide.webp,effects-guide,12,aca3507d9380adefd1cbc4056efc0f2e54c933d43a4390d35b70b828875d7df6,f640b0593d9a9622dcfaedbf3adfed49d2dfc94f33777e6f1562c3862aa03967,pass,pass,pass,pass,pass,pass,pass,pass,keep,Baseline sheet reviewed; no rubric defect observed.,aca3507d9380adefd1cbc4056efc0f2e54c933d43a4390d35b70b828875d7df6,f640b0593d9a9622dcfaedbf3adfed49d2dfc94f33777e6f1562c3862aa03967
design-isms-20260717-02,effect:pull-to-refresh:guide:guide.png,effect,pull-to-refresh,guide,guide.png,assets/images/effects/pull-to-refresh/guide.png,assets/images/thumbs/effects/pull-to-refresh/guide.webp,effects-guide,13,f172c1f57b565214f3935298f8ae6851559c79d1115086df0a9f922edf32968d,bdb97b315a3559a41deaa99f1e7645017603a23259c3a9cc19745617b7d6078a,pass,pass,pass,pass,pass,pass,pass,pass,keep,Baseline sheet reviewed; no rubric defect observed.,f172c1f57b565214f3935298f8ae6851559c79d1115086df0a9f922edf32968d,bdb97b315a3559a41deaa99f1e7645017603a23259c3a9cc19745617b7d6078a
design-isms-20260717-02,effect:floating-action-button:guide:guide.png,effect,floating-action-button,guide,guide.png,assets/images/effects/floating-action-button/guide.png,assets/images/thumbs/effects/floating-action-button/guide.webp,effects-guide,14,ba0019805a6b277383b74ea57ddc38a0f80733fad225d95568c89b5d1857f3da,af4664dbb638b7d6c67042eb0aac555835a7cca2e48aa295e7bd44b1fc13a3e3,pass,pass,pass,pass,pass,pass,pass,pass,keep,Baseline sheet reviewed; no rubric defect observed.,ba0019805a6b277383b74ea57ddc38a0f80733fad225d95568c89b5d1857f3da,af4664dbb638b7d6c67042eb0aac555835a7cca2e48aa295e7bd44b1fc13a3e3
design-isms-20260717-02,effect:mobile-stepper-form:guide:guide.png,effect,mobile-stepper-form,guide,guide.png,assets/images/effects/mobile-stepper-form/guide.png,assets/images/thumbs/effects/mobile-stepper-form/guide.webp,effects-guide,15,08d76ea6714d168146f9e7c968c1d491626cd1cc304e43fdd7a889fe3623be29,b577dbf2d01959f5893f827db3d1f7ea50b5bd68cdeabc6a698687fefd711775,pass,pass,pass,pass,pass,pass,pass,pass,keep,Baseline sheet reviewed; no rubric defect observed.,08d76ea6714d168146f9e7c968c1d491626cd1cc304e43fdd7a889fe3623be29,b577dbf2d01959f5893f827db3d1f7ea50b5bd68cdeabc6a698687fefd711775
design-isms-20260717-02,effect:mobile-empty-state:guide:guide.png,effect,mobile-empty-state,guide,guide.png,assets/images/effects/mobile-empty-state/guide.png,assets/images/thumbs/effects/mobile-empty-state/guide.webp,effects-guide,16,ed7ed8f844fcf5326742626c2208937e605c6b43fb03da5633287ff446572d5a,4b9c6a9648d78e3b76b0844fd9e101b9137a4d482041043111659c9838bccff3,pass,pass,pass,pass,pass,pass,pass,pass,keep,Baseline sheet reviewed; no rubric defect observed.,ed7ed8f844fcf5326742626c2208937e605c6b43fb03da5633287ff446572d5a,4b9c6a9648d78e3b76b0844fd9e101b9137a4d482041043111659c9838bccff3
design-isms-20260717-02,effect:inline-validation:guide:guide.png,effect,inline-validation,guide,guide.png,assets/images/effects/inline-validation/guide.png,assets/images/thumbs/effects/inline-validation/guide.webp,effects-guide,17,a583f256594fdf3108c9287daafb0bffc642a4bfb362e6548c9e848572f01204,cd2efe0aa34cf05608e59940fbcf7a691a9091210776b026bc0bd8f67977d6cc,pass,pass,pass,pass,pass,pass,pass,pass,keep,Baseline sheet reviewed; no rubric defect observed.,a583f256594fdf3108c9287daafb0bffc642a4bfb362e6548c9e848572f01204,cd2efe0aa34cf05608e59940fbcf7a691a9091210776b026bc0bd8f67977d6cc
design-isms-20260717-02,effect:mega-menu:guide:guide.png,effect,mega-menu,guide,guide.png,assets/images/effects/mega-menu/guide.png,assets/images/thumbs/effects/mega-menu/guide.webp,effects-guide,18,6e545d896ba6b04d86b338c7b5bd915879b437a72f1aa01458b465c87e4d032c,9960dd311d3f570ec4991628b0905db3cc34b32de3e12ca92387000aba1471a0,pass,pass,pass,pass,pass,pass,pass,pass,keep,Baseline sheet reviewed; no rubric defect observed.,6e545d896ba6b04d86b338c7b5bd915879b437a72f1aa01458b465c87e4d032c,9960dd311d3f570ec4991628b0905db3cc34b32de3e12ca92387000aba1471a0
design-isms-20260717-02,effect:command-palette:guide:guide.png,effect,command-palette,guide,guide.png,assets/images/effects/command-palette/guide.png,assets/images/thumbs/effects/command-palette/guide.webp,effects-guide,19,9eb17dba094097507b134802a56a7a80c7c8f3966a402f0a1be82f99103c0623,5ee302293b5c3531c21252efa4182b2746e64e5df355ad7b8ebb3029d1cf95ef,pass,pass,pass,pass,pass,pass,pass,pass,keep,Baseline sheet reviewed; no rubric defect observed.,9eb17dba094097507b134802a56a7a80c7c8f3966a402f0a1be82f99103c0623,5ee302293b5c3531c21252efa4182b2746e64e5df355ad7b8ebb3029d1cf95ef
design-isms-20260717-02,effect:split-pane:guide:guide.png,effect,split-pane,guide,guide.png,assets/images/effects/split-pane/guide.png,assets/images/thumbs/effects/split-pane/guide.webp,effects-guide,20,a8b749931fd8c87e5626b1fb712e489a28d9d67c968d49f083ec03cfdd26e236,9e39d71c4f1fe299cb9033231b8dd210316ba588cdab7052ec31c097884bbcdf,pass,pass,pass,pass,pass,pass,pass,pass,keep,Baseline sheet reviewed; no rubric defect observed.,a8b749931fd8c87e5626b1fb712e489a28d9d67c968d49f083ec03cfdd26e236,9e39d71c4f1fe299cb9033231b8dd210316ba588cdab7052ec31c097884bbcdf
design-isms-20260717-02,effect:resizable-sidebar:guide:guide.png,effect,resizable-sidebar,guide,guide.png,assets/images/effects/resizable-sidebar/guide.png,assets/images/thumbs/effects/resizable-sidebar/guide.webp,effects-guide,21,5179f2bdd3a6cb44cb61bcdb30c87ed4ec4e0c94b356d7e3af58373d52beddca,5c1a914e3a40037cce70c577de996b82f440bda2a9abee19502356d589d4372f,pass,pass,pass,pass,pass,pass,pass,pass,keep,Baseline sheet reviewed; no rubric defect observed.,5179f2bdd3a6cb44cb61bcdb30c87ed4ec4e0c94b356d7e3af58373d52beddca,5c1a914e3a40037cce70c577de996b82f440bda2a9abee19502356d589d4372f
design-isms-20260717-02,effect:data-table:guide:guide.png,effect,data-table,guide,guide.png,assets/images/effects/data-table/guide.png,assets/images/thumbs/effects/data-table/guide.webp,effects-guide,22,49d9dc194979f4d78a2af7f68349c66051c6c9a5865a7bc7905f87bb00ee2f39,54371c3a23f147fade39f18c51691cc84d16cec054fe2cc0041ac8463de421e3,pass,pass,pass,pass,pass,pass,pass,pass,keep,Baseline sheet reviewed; no rubric defect observed.,49d9dc194979f4d78a2af7f68349c66051c6c9a5865a7bc7905f87bb00ee2f39,54371c3a23f147fade39f18c51691cc84d16cec054fe2cc0041ac8463de421e3
design-isms-20260717-02,effect:master-detail:guide:guide.png,effect,master-detail,guide,guide.png,assets/images/effects/master-detail/guide.png,assets/images/thumbs/effects/master-detail/guide.webp,effects-guide,23,79a49825c770fe92b8ba8b2371b62096f3eeddf10e73c31e8753c3602e07fef9,1ce7385d76077a89975641e6e07ed86d41ca7964634cd0af5390204d0997efed,pass,pass,pass,pass,pass,pass,pass,pass,keep,Baseline sheet reviewed; no rubric defect observed.,79a49825c770fe92b8ba8b2371b62096f3eeddf10e73c31e8753c3602e07fef9,1ce7385d76077a89975641e6e07ed86d41ca7964634cd0af5390204d0997efed
design-isms-20260717-02,effect:kanban-board:guide:guide.png,effect,kanban-board,guide,guide.png,assets/images/effects/kanban-board/guide.png,assets/images/thumbs/effects/kanban-board/guide.webp,effects-guide,24,20edeabb9f62016b1df19612064b83d40e6742ff44021c6960f39caa6aea9b8b,15c8b491a81f90d9b380a1fb3c4dab3ef018ea9b92b83b78b82f8b60ef5e0e7e,pass,pass,pass,pass,pass,pass,pass,pass,keep,Baseline sheet reviewed; no rubric defect observed.,20edeabb9f62016b1df19612064b83d40e6742ff44021c6960f39caa6aea9b8b,15c8b491a81f90d9b380a1fb3c4dab3ef018ea9b92b83b78b82f8b60ef5e0e7e
design-isms-20260717-02,effect:breadcrumb:guide:guide.png,effect,breadcrumb,guide,guide.png,assets/images/effects/breadcrumb/guide.png,assets/images/thumbs/effects/breadcrumb/guide.webp,effects-guide,25,103662e64b53fa9af2b96c27f4e9357a92acb3b1eefa9ab7b9742a4135e136f0,c940c3b15f61a5138ba61c2ac6f4597e7f7fd4ec0fc5b7bc0d8e213cdd6604ec,pass,pass,pass,pass,pass,pass,pass,pass,keep,Baseline sheet reviewed; no rubric defect observed.,103662e64b53fa9af2b96c27f4e9357a92acb3b1eefa9ab7b9742a4135e136f0,c940c3b15f61a5138ba61c2ac6f4597e7f7fd4ec0fc5b7bc0d8e213cdd6604ec
design-isms-20260717-02,effect:context-menu:guide:guide.png,effect,context-menu,guide,guide.png,assets/images/effects/context-menu/guide.png,assets/images/thumbs/effects/context-menu/guide.webp,effects-guide,26,c700e34466a9283064e510c84a6b41293052f45c19609546ce9266f290db3b67,f778a420f8b2fdcf1c8088ba665671fa71380ad110274accae37f7fd5a227969,pass,pass,pass,pass,pass,pass,pass,pass,keep,Baseline sheet reviewed; no rubric defect observed.,c700e34466a9283064e510c84a6b41293052f45c19609546ce9266f290db3b67,f778a420f8b2fdcf1c8088ba665671fa71380ad110274accae37f7fd5a227969
design-isms-20260717-02,effect:tooltip:guide:guide.png,effect,tooltip,guide,guide.png,assets/images/effects/tooltip/guide.png,assets/images/thumbs/effects/tooltip/guide.webp,effects-guide,27,efae78bb649a46e9d5b944b2e2ecae447f51329db1e0cc9c3041fded6c7e9e41,496ebd7591f49f57354832bb12ee4a88a86bc15f37e530cf16e3b5df4d5eccb1,pass,pass,pass,pass,pass,pass,pass,pass,keep,Baseline sheet reviewed; no rubric defect observed.,efae78bb649a46e9d5b944b2e2ecae447f51329db1e0cc9c3041fded6c7e9e41,496ebd7591f49f57354832bb12ee4a88a86bc15f37e530cf16e3b5df4d5eccb1
design-isms-20260717-02,effect:popover:guide:guide.png,effect,popover,guide,guide.png,assets/images/effects/popover/guide.png,assets/images/thumbs/effects/popover/guide.webp,effects-guide,28,0a47d546f5e7953f453573d4fdf50fe1f17be0077ca5f593ced5ffe343743569,ea90a95b24ad2fcf876b36c032b403735882e210e4c98e2842691f524e857493,pass,pass,pass,pass,pass,pass,pass,pass,keep,Baseline sheet reviewed; no rubric defect observed.,0a47d546f5e7953f453573d4fdf50fe1f17be0077ca5f593ced5ffe343743569,ea90a95b24ad2fcf876b36c032b403735882e210e4c98e2842691f524e857493
design-isms-20260717-02,effect:modal-dialog:guide:guide.png,effect,modal-dialog,guide,guide.png,assets/images/effects/modal-dialog/guide.png,assets/images/thumbs/effects/modal-dialog/guide.webp,effects-guide,29,2b21989cc44326b0b3340ea7c307e71ae9c082774a644eb4872caf2f5c14dc93,62222dda805ae73e73c05d41fe8a60e65fdf4b9acc6d833482e18b6ce10e2129,pass,pass,pass,pass,pass,pass,pass,pass,keep,Baseline sheet reviewed; no rubric defect observed.,2b21989cc44326b0b3340ea7c307e71ae9c082774a644eb4872caf2f5c14dc93,62222dda805ae73e73c05d41fe8a60e65fdf4b9acc6d833482e18b6ce10e2129
design-isms-20260717-02,effect:toast-stack:guide:guide.png,effect,toast-stack,guide,guide.png,assets/images/effects/toast-stack/guide.png,assets/images/thumbs/effects/toast-stack/guide.webp,effects-guide,30,eb87e9b6fee9380243992c66a8d00ddd97ec88fe3d66ad8671337e7c9d2d5404,cbca76dbf019bfbfae58a17a84da14587eef0695085f40baa033bc5f11be938a,pass,pass,pass,pass,pass,pass,pass,pass,keep,Baseline sheet reviewed; no rubric defect observed.,eb87e9b6fee9380243992c66a8d00ddd97ec88fe3d66ad8671337e7c9d2d5404,cbca76dbf019bfbfae58a17a84da14587eef0695085f40baa033bc5f11be938a
design-isms-20260717-02,effect:inline-edit:guide:guide.png,effect,inline-edit,guide,guide.png,assets/images/effects/inline-edit/guide.png,assets/images/thumbs/effects/inline-edit/guide.webp,effects-guide,31,99b91247511746f19526b77afd74e6968ab4eab74b20aaf950057d43463873b0,51c43fc128ef0ad86c8649fd829c477dd31f3ac8bb6ec2e00117aea40f19f46c,pass,pass,pass,pass,pass,pass,pass,pass,keep,Baseline sheet reviewed; no rubric defect observed.,99b91247511746f19526b77afd74e6968ab4eab74b20aaf950057d43463873b0,51c43fc128ef0ad86c8649fd829c477dd31f3ac8bb6ec2e00117aea40f19f46c
design-isms-20260717-02,effect:drag-reorder:guide:guide.png,effect,drag-reorder,guide,guide.png,assets/images/effects/drag-reorder/guide.png,assets/images/thumbs/effects/drag-reorder/guide.webp,effects-guide,32,f32ae106e217f2a5473ff0ac7f0702322eef8474cd4347f93d65af6c6934d29f,17b02b81827a73d5cf17c2108cfac06de69de11b165cd774b8ac0a9cbf84aae6,pass,pass,pass,pass,pass,pass,pass,pass,keep,Baseline sheet reviewed; no rubric defect observed.,f32ae106e217f2a5473ff0ac7f0702322eef8474cd4347f93d65af6c6934d29f,17b02b81827a73d5cf17c2108cfac06de69de11b165cd774b8ac0a9cbf84aae6
design-isms-20260717-02,effect:virtual-list:guide:guide.png,effect,virtual-list,guide,guide.png,assets/images/effects/virtual-list/guide.png,assets/images/thumbs/effects/virtual-list/guide.webp,effects-guide,33,07ddd9f2c900306b42800adcd39eb3a2a723910313b81fca9701b1c6298bd4fe,7932f7791dd163d8b809bb9eddaac07a2b3eccbba83720b6e8244eb2e5c11b4b,pass,pass,pass,pass,pass,pass,pass,pass,keep,Baseline sheet reviewed; no rubric defect observed.,07ddd9f2c900306b42800adcd39eb3a2a723910313b81fca9701b1c6298bd4fe,7932f7791dd163d8b809bb9eddaac07a2b3eccbba83720b6e8244eb2e5c11b4b
design-isms-20260717-02,effect:sticky-table-header:guide:guide.png,effect,sticky-table-header,guide,guide.png,assets/images/effects/sticky-table-header/guide.png,assets/images/thumbs/effects/sticky-table-header/guide.webp,effects-guide,34,e09a41789d88d196ea5adc77bd3c5d607184dc547985e82020293f9c3801615d,a486bd9b42cf7e819075cbbe02450230d1bf432664f392ef50c463998cb3e35c,pass,pass,pass,pass,pass,pass,pass,pass,keep,Baseline sheet reviewed; no rubric defect observed.,e09a41789d88d196ea5adc77bd3c5d607184dc547985e82020293f9c3801615d,a486bd9b42cf7e819075cbbe02450230d1bf432664f392ef50c463998cb3e35c
design-isms-20260717-02,effect:dashboard-kpi-cards:guide:guide.png,effect,dashboard-kpi-cards,guide,guide.png,assets/images/effects/dashboard-kpi-cards/guide.png,assets/images/thumbs/effects/dashboard-kpi-cards/guide.webp,effects-guide,35,6148ebc3bedfa97781893a0ddbb6336f6cd693f5d8c675a13ebe714fab0fa689,8a76e9ab8a06a97832e44231f9fe1eca7c76f4dea687ac5c67f5257f4413dc2e,pass,pass,pass,pass,pass,pass,pass,pass,keep,Baseline sheet reviewed; no rubric defect observed.,6148ebc3bedfa97781893a0ddbb6336f6cd693f5d8c675a13ebe714fab0fa689,8a76e9ab8a06a97832e44231f9fe1eca7c76f4dea687ac5c67f5257f4413dc2e
design-isms-20260717-02,effect:filter-sidebar:guide:guide.png,effect,filter-sidebar,guide,guide.png,assets/images/effects/filter-sidebar/guide.png,assets/images/thumbs/effects/filter-sidebar/guide.webp,effects-guide,36,6bbad26df8ea7c2497094002aed5c62a7f0e542756c83ff5ea7a9241caf65fe6,7d22f449a8f669d85426924d7f8d2b8f7834b5d8f60c0adefa40ce2176fa014a,pass,pass,pass,pass,pass,pass,pass,pass,keep,Baseline sheet reviewed; no rubric defect observed.,6bbad26df8ea7c2497094002aed5c62a7f0e542756c83ff5ea7a9241caf65fe6,7d22f449a8f669d85426924d7f8d2b8f7834b5d8f60c0adefa40ce2176fa014a
design-isms-20260717-02,effect:pagination:guide:guide.png,effect,pagination,guide,guide.png,assets/images/effects/pagination/guide.png,assets/images/thumbs/effects/pagination/guide.webp,effects-guide,37,65eda9a8c560d9f161a8b947c9700b31d81a57898a97379af92d4870a809ba8f,f4e13037fe46078e529e1d081628123ffbfeeed32c6352bde01a3eb37508bc42,pass,pass,pass,pass,pass,pass,pass,pass,keep,Baseline sheet reviewed; no rubric defect observed.,65eda9a8c560d9f161a8b947c9700b31d81a57898a97379af92d4870a809ba8f,f4e13037fe46078e529e1d081628123ffbfeeed32c6352bde01a3eb37508bc42
design-isms-20260717-02,effect:desktop-wizard:guide:guide.png,effect,desktop-wizard,guide,guide.png,assets/images/effects/desktop-wizard/guide.png,assets/images/thumbs/effects/desktop-wizard/guide.webp,effects-guide,38,f434f1f5dadd1bb9542e67d211b26d0f626b2d095c73a96ee9cd233d406d03fc,9087df832d98786dbede1faf05d712482e42db3b95ec3be58e344a5d09b0664b,pass,pass,pass,pass,pass,pass,pass,pass,keep,Baseline sheet reviewed; no rubric defect observed.,f434f1f5dadd1bb9542e67d211b26d0f626b2d095c73a96ee9cd233d406d03fc,9087df832d98786dbede1faf05d712482e42db3b95ec3be58e344a5d09b0664b
design-isms-20260717-02,effect:tabs:guide:guide.png,effect,tabs,guide,guide.png,assets/images/effects/tabs/guide.png,assets/images/thumbs/effects/tabs/guide.webp,effects-guide,39,4701869e4ccb42355cae66e496bc86c4396a996102246771203ce002bb519365,3cd20e54fd87d87896f6cf34c01a52fd795a6f7e46c9976e31dce626a149637c,pass,pass,pass,pass,pass,pass,pass,pass,keep,Baseline sheet reviewed; no rubric defect observed.,4701869e4ccb42355cae66e496bc86c4396a996102246771203ce002bb519365,3cd20e54fd87d87896f6cf34c01a52fd795a6f7e46c9976e31dce626a149637c
design-isms-20260717-02,effect:accordion:guide:guide.png,effect,accordion,guide,guide.png,assets/images/effects/accordion/guide.png,assets/images/thumbs/effects/accordion/guide.webp,effects-guide,40,d2d3b3f642968b960708122d2303b21ebd0ed37c3ff78fa73c5b83ba041117f1,d8ab8ee4f9553d5f8f60a66c18d92eb2d210d17631d72c580785579615d350f3,pass,pass,pass,pass,pass,pass,pass,pass,keep,Baseline sheet reviewed; no rubric defect observed.,d2d3b3f642968b960708122d2303b21ebd0ed37c3ff78fa73c5b83ba041117f1,d8ab8ee4f9553d5f8f60a66c18d92eb2d210d17631d72c580785579615d350f3
design-isms-20260717-02,effect:carousel:guide:guide.png,effect,carousel,guide,guide.png,assets/images/effects/carousel/guide.png,assets/images/thumbs/effects/carousel/guide.webp,effects-guide,41,96b615ec9e926314a79750f9f41f5549b5370d5ed699708ba5cdb79ec215bb9e,65dd3aef3c2ff3cabfab7ed97733bfd314fb0f68009fe9747756ed5d29daf238,pass,pass,pass,pass,pass,pass,pass,pass,keep,Baseline sheet reviewed; no rubric defect observed.,96b615ec9e926314a79750f9f41f5549b5370d5ed699708ba5cdb79ec215bb9e,65dd3aef3c2ff3cabfab7ed97733bfd314fb0f68009fe9747756ed5d29daf238
design-isms-20260717-02,effect:date-picker:guide:guide.png,effect,date-picker,guide,guide.png,assets/images/effects/date-picker/guide.png,assets/images/thumbs/effects/date-picker/guide.webp,effects-guide,42,41f6e3feeb5f8bc77e72e9daeb3a463740f20cb08f2c1f5d7137465c60b0f330,2eedb3f5ed57fe3f1ce31ab954df33dc29eace4e2a41014a80d0fefab26c8761,pass,pass,pass,pass,pass,pass,pass,pass,keep,Baseline sheet reviewed; no rubric defect observed.,41f6e3feeb5f8bc77e72e9daeb3a463740f20cb08f2c1f5d7137465c60b0f330,2eedb3f5ed57fe3f1ce31ab954df33dc29eace4e2a41014a80d0fefab26c8761
design-isms-20260717-02,effect:file-dropzone:guide:guide.png,effect,file-dropzone,guide,guide.png,assets/images/effects/file-dropzone/guide.png,assets/images/thumbs/effects/file-dropzone/guide.webp,effects-guide,43,c25cb834d5f4398accd1850221fc87899e837fa2d6bf2a5a42765c107f59e82b,fe87587cbd007d14e1bbbd17e0f3273b33778e9ba9c816475b24b289786ea436,pass,pass,pass,pass,pass,pass,pass,pass,keep,Baseline sheet reviewed; no rubric defect observed.,c25cb834d5f4398accd1850221fc87899e837fa2d6bf2a5a42765c107f59e82b,fe87587cbd007d14e1bbbd17e0f3273b33778e9ba9c816475b24b289786ea436
design-isms-20260717-02,effect:progress-stepper:guide:guide.png,effect,progress-stepper,guide,guide.png,assets/images/effects/progress-stepper/guide.png,assets/images/thumbs/effects/progress-stepper/guide.webp,effects-guide,44,3dad5431894344441765fec16834ff3d167a486d0ef95e963e443dd74d8cb8b3,b5b5370523a18aae9d8e6ab29abf514b2f763b5be202aa6c128313465fa29880,pass,pass,pass,pass,pass,pass,pass,pass,keep,Baseline sheet reviewed; no rubric defect observed.,3dad5431894344441765fec16834ff3d167a486d0ef95e963e443dd74d8cb8b3,b5b5370523a18aae9d8e6ab29abf514b2f763b5be202aa6c128313465fa29880
design-isms-20260717-02,effect:notification-center:guide:guide.png,effect,notification-center,guide,guide.png,assets/images/effects/notification-center/guide.png,assets/images/thumbs/effects/notification-center/guide.webp,effects-guide,45,963740f7ed5662c31f37f62a80d7801145a4a2e3e2a088972f00599e7ef73b96,3c5e89c1e88c6ac28d241d50f19cbe5029245e93c983c1c0cca87143c10e9d4c,pass,pass,pass,pass,pass,pass,pass,pass,keep,Baseline sheet reviewed; no rubric defect observed.,963740f7ed5662c31f37f62a80d7801145a4a2e3e2a088972f00599e7ef73b96,3c5e89c1e88c6ac28d241d50f19cbe5029245e93c983c1c0cca87143c10e9d4c
design-isms-20260717-02,effect:scroll-progress-indicator:guide:guide.png,effect,scroll-progress-indicator,guide,guide.png,assets/images/effects/scroll-progress-indicator/guide.png,assets/images/thumbs/effects/scroll-progress-indicator/guide.webp,effects-guide,46,327462db31fad5049381edf02ab7b273bb1ea5aa68b773ef79cb8f61a8a7994a,6fc2b55067fda304cb90b17ab2c13f87ba7e4884d9640bda879733b4ae7e4df8,pass,pass,pass,pass,pass,pass,pass,pass,keep,Baseline sheet reviewed; no rubric defect observed.,327462db31fad5049381edf02ab7b273bb1ea5aa68b773ef79cb8f61a8a7994a,6fc2b55067fda304cb90b17ab2c13f87ba7e4884d9640bda879733b4ae7e4df8
design-isms-20260717-02,effect:layered-parallax:guide:guide.png,effect,layered-parallax,guide,guide.png,assets/images/effects/layered-parallax/guide.png,assets/images/thumbs/effects/layered-parallax/guide.webp,effects-guide,47,7d8e72df1a3988433846c0f3f49e28a3c975bcdf33dd181f0ff6215d499875f4,390c0bd68a2e94c68a81a79ab03b561ba40360078b9dcd2364103fc284a0c1c3,pass,pass,pass,pass,pass,pass,pass,pass,keep,Baseline sheet reviewed; no rubric defect observed.,7d8e72df1a3988433846c0f3f49e28a3c975bcdf33dd181f0ff6215d499875f4,390c0bd68a2e94c68a81a79ab03b561ba40360078b9dcd2364103fc284a0c1c3
design-isms-20260717-02,effect:horizontal-scroll-gallery:guide:guide.png,effect,horizontal-scroll-gallery,guide,guide.png,assets/images/effects/horizontal-scroll-gallery/guide.png,assets/images/thumbs/effects/horizontal-scroll-gallery/guide.webp,effects-guide,48,6c71213b191e4144cdeebff9d7dccf0d8c5d322c3791cbe61b347db040eec2da,8ec1ef44624b07f65956429bfe9f442319e08d76c9332dbeb1416a60bfc3160b,pass,pass,pass,pass,pass,pass,pass,pass,keep,Baseline sheet reviewed; no rubric defect observed.,6c71213b191e4144cdeebff9d7dccf0d8c5d322c3791cbe61b347db040eec2da,8ec1ef44624b07f65956429bfe9f442319e08d76c9332dbeb1416a60bfc3160b
design-isms-20260717-02,effect:split-text-reveal:guide:guide.png,effect,split-text-reveal,guide,guide.png,assets/images/effects/split-text-reveal/guide.png,assets/images/thumbs/effects/split-text-reveal/guide.webp,effects-guide,49,7c37a11cfbae543985155191c7754bb81ae59503a5783692d9d1760211f5b054,bb68e7c71f7a76f75e4de6a4dd0796fb640d4c83622725a52bfc42944120562b,pass,pass,pass,pass,pass,pass,pass,pass,keep,Baseline sheet reviewed; no rubric defect observed.,7c37a11cfbae543985155191c7754bb81ae59503a5783692d9d1760211f5b054,bb68e7c71f7a76f75e4de6a4dd0796fb640d4c83622725a52bfc42944120562b
design-isms-20260717-02,effect:text-scramble:guide:guide.png,effect,text-scramble,guide,guide.png,assets/images/effects/text-scramble/guide.png,assets/images/thumbs/effects/text-scramble/guide.webp,effects-guide,50,e8860931c42b0a0922640204f661d8ff8057d151578701eab5f2c48af91502e8,4ec1421463dd3f8c4aa258a726d7d70eb0a276162f95f7f068a768885b6f5f1c,pass,pass,pass,pass,pass,pass,pass,pass,keep,Baseline sheet reviewed; no rubric defect observed.,e8860931c42b0a0922640204f661d8ff8057d151578701eab5f2c48af91502e8,4ec1421463dd3f8c4aa258a726d7d70eb0a276162f95f7f068a768885b6f5f1c
design-isms-20260717-02,effect:number-ticker:guide:guide.png,effect,number-ticker,guide,guide.png,assets/images/effects/number-ticker/guide.png,assets/images/thumbs/effects/number-ticker/guide.webp,effects-guide,51,f62e4a651290ddd690d959a4d358224edeb2b7dc6963a0552357baa5eded5bcd,574aacb9416f41bdeb5be68b27f4f02894951b16dedf91983745957514e8fe9c,pass,pass,pass,pass,pass,pass,pass,pass,keep,Baseline sheet reviewed; no rubric defect observed.,f62e4a651290ddd690d959a4d358224edeb2b7dc6963a0552357baa5eded5bcd,574aacb9416f41bdeb5be68b27f4f02894951b16dedf91983745957514e8fe9c
design-isms-20260717-02,effect:aurora-mesh-background:guide:guide.png,effect,aurora-mesh-background,guide,guide.png,assets/images/effects/aurora-mesh-background/guide.png,assets/images/thumbs/effects/aurora-mesh-background/guide.webp,effects-guide,52,d1f51f593a8f187c8d2b8d75215c9223f6531ce684d50cda6869cd8f4b6419a8,18d6f989e53382a56fba581eb5858a2f8d0d08635a2097daf1a20b86fdbcda01,pass,pass,pass,pass,pass,pass,pass,pass,keep,Baseline sheet reviewed; no rubric defect observed.,d1f51f593a8f187c8d2b8d75215c9223f6531ce684d50cda6869cd8f4b6419a8,18d6f989e53382a56fba581eb5858a2f8d0d08635a2097daf1a20b86fdbcda01
design-isms-20260717-02,effect:spotlight-grid-background:guide:guide.png,effect,spotlight-grid-background,guide,guide.png,assets/images/effects/spotlight-grid-background/guide.png,assets/images/thumbs/effects/spotlight-grid-background/guide.webp,effects-guide,53,a0bef693e8f823cc3e83a721b762b021a37bfecabb1cc967888de0bd7723d771,1f15da7a2fe5459280607b0e109fbeaa017c6700eaf7eb1adb2b1f3f95aa7eca,pass,pass,pass,pass,pass,pass,pass,pass,keep,Baseline sheet reviewed; no rubric defect observed.,a0bef693e8f823cc3e83a721b762b021a37bfecabb1cc967888de0bd7723d771,1f15da7a2fe5459280607b0e109fbeaa017c6700eaf7eb1adb2b1f3f95aa7eca
design-isms-20260717-02,effect:grain-noise-drift:guide:guide.png,effect,grain-noise-drift,guide,guide.png,assets/images/effects/grain-noise-drift/guide.png,assets/images/thumbs/effects/grain-noise-drift/guide.webp,effects-guide,54,5899e49a988788a547c562942ea7bb898498aa677944b7689ead392c097c720d,1261e0348618e3f661b725dcb290b4fe3d50d86569193eead26eb4c933488777,pass,pass,pass,pass,pass,pass,pass,pass,keep,Baseline sheet reviewed; no rubric defect observed.,5899e49a988788a547c562942ea7bb898498aa677944b7689ead392c097c720d,1261e0348618e3f661b725dcb290b4fe3d50d86569193eead26eb4c933488777
design-isms-20260717-02,effect:magnetic-button:guide:guide.png,effect,magnetic-button,guide,guide.png,assets/images/effects/magnetic-button/guide.png,assets/images/thumbs/effects/magnetic-button/guide.webp,effects-guide,55,db6f2f594cf3781ca8000acf3013367abef0d66ec04a5c4b55533413a06641f5,dd76f9727e1f39ef1bd5b82491df2ec990958b5f14d51c601aadb8ffc414f212,pass,pass,pass,pass,pass,pass,pass,pass,keep,Baseline sheet reviewed; no rubric defect observed.,db6f2f594cf3781ca8000acf3013367abef0d66ec04a5c4b55533413a06641f5,dd76f9727e1f39ef1bd5b82491df2ec990958b5f14d51c601aadb8ffc414f212
design-isms-20260717-02,effect:cursor-trail:guide:guide.png,effect,cursor-trail,guide,guide.png,assets/images/effects/cursor-trail/guide.png,assets/images/thumbs/effects/cursor-trail/guide.webp,effects-guide,56,55616fa35e3856bf9f592a84d6cb14deea1aecb3cc62c5e41437acedb30a9dd4,24e6bc01e810731fe5c6c409254fdb83f57bfb7321bc4a7cc51b8823002ec1dd,pass,pass,pass,pass,pass,pass,pass,pass,keep,Baseline sheet reviewed; no rubric defect observed.,55616fa35e3856bf9f592a84d6cb14deea1aecb3cc62c5e41437acedb30a9dd4,24e6bc01e810731fe5c6c409254fdb83f57bfb7321bc4a7cc51b8823002ec1dd
design-isms-20260717-02,effect:tilt-hover-card:guide:guide.png,effect,tilt-hover-card,guide,guide.png,assets/images/effects/tilt-hover-card/guide.png,assets/images/thumbs/effects/tilt-hover-card/guide.webp,effects-guide,57,ec675317a9b92a786226e7ebcafe06fd12014b76347724f69bf599d1d24d4a81,0e97e1a5b3a19e92df4f8e0676303d547bbf73b1bee0214e613a0ef56fcb67e2,pass,pass,pass,pass,pass,pass,pass,pass,keep,Baseline sheet reviewed; no rubric defect observed.,ec675317a9b92a786226e7ebcafe06fd12014b76347724f69bf599d1d24d4a81,0e97e1a5b3a19e92df4f8e0676303d547bbf73b1bee0214e613a0ef56fcb67e2
design-isms-20260717-02,effect:crossfade-view-transition:guide:guide.png,effect,crossfade-view-transition,guide,guide.png,assets/images/effects/crossfade-view-transition/guide.png,assets/images/thumbs/effects/crossfade-view-transition/guide.webp,effects-guide,58,8b0f8185f8881e52631405e8717fcca58bce0254c1adfac9d0b4ff6e2b870f55,0b8023cba7ab8247337f340f03db7088b9881c90a63cd9b01c179b4bee6de3c5,pass,pass,pass,pass,pass,pass,pass,pass,keep,Baseline sheet reviewed; no rubric defect observed.,8b0f8185f8881e52631405e8717fcca58bce0254c1adfac9d0b4ff6e2b870f55,0b8023cba7ab8247337f340f03db7088b9881c90a63cd9b01c179b4bee6de3c5
design-isms-20260717-02,effect:shared-element-transition:guide:guide.png,effect,shared-element-transition,guide,guide.png,assets/images/effects/shared-element-transition/guide.png,assets/images/thumbs/effects/shared-element-transition/guide.webp,effects-guide,59,b02e63fca0c68b268ff31aafb4353ba60fbc7bbadaea11750244d40fcc45690c,b979adf6123e7cf415cbef38ed2fc7cace1a599eaaf7b044f3d17223f615e967,pass,pass,pass,pass,pass,pass,pass,pass,keep,Baseline sheet reviewed; no rubric defect observed.,b02e63fca0c68b268ff31aafb4353ba60fbc7bbadaea11750244d40fcc45690c,b979adf6123e7cf415cbef38ed2fc7cace1a599eaaf7b044f3d17223f615e967
design-isms-20260717-02,effect:route-wipe-transition:guide:guide.png,effect,route-wipe-transition,guide,guide.png,assets/images/effects/route-wipe-transition/guide.png,assets/images/thumbs/effects/route-wipe-transition/guide.webp,effects-guide,60,2bf6fd1636d20d275cd1dfb1b4c38e7e62da5ac3b399b71c6b9954eebdfb8845,0fb9e474fe3f4e289416511958d36c7e717bd797834397e29e04de59dc1d597e,pass,pass,pass,pass,pass,pass,pass,pass,keep,Baseline sheet reviewed; no rubric defect observed.,2bf6fd1636d20d275cd1dfb1b4c38e7e62da5ac3b399b71c6b9954eebdfb8845,0fb9e474fe3f4e289416511958d36c7e717bd797834397e29e04de59dc1d597e
design-isms-20260717-02,effect:favorite-burst:guide:guide.png,effect,favorite-burst,guide,guide.png,assets/images/effects/favorite-burst/guide.png,assets/images/thumbs/effects/favorite-burst/guide.webp,effects-guide,61,edd0db64883bdcce8459fd99373520237d6307aabf6068ee619fc6e5f6339977,a1cb09bccae36d816963287675bb770ea4d6d2cf13b9fcebf32e822f3e6ed3a4,pass,pass,pass,pass,pass,pass,pass,pass,keep,Baseline sheet reviewed; no rubric defect observed.,edd0db64883bdcce8459fd99373520237d6307aabf6068ee619fc6e5f6339977,a1cb09bccae36d816963287675bb770ea4d6d2cf13b9fcebf32e822f3e6ed3a4
design-isms-20260717-02,effect:success-checkmark:guide:guide.png,effect,success-checkmark,guide,guide.png,assets/images/effects/success-checkmark/guide.png,assets/images/thumbs/effects/success-checkmark/guide.webp,effects-guide,62,cfee6161391056b9187eabbe43309ab30e2b31b560b15f19e4b40687924a09ec,1b78689cd09e23d12b494fc31c67f94f46bd5e7ee8943e1e1e8080353ba75351,pass,pass,pass,pass,pass,pass,pass,pass,keep,Baseline sheet reviewed; no rubric defect observed.,cfee6161391056b9187eabbe43309ab30e2b31b560b15f19e4b40687924a09ec,1b78689cd09e23d12b494fc31c67f94f46bd5e7ee8943e1e1e8080353ba75351
design-isms-20260717-02,effect:copy-confirmation:guide:guide.png,effect,copy-confirmation,guide,guide.png,assets/images/effects/copy-confirmation/guide.png,assets/images/thumbs/effects/copy-confirmation/guide.webp,effects-guide,63,339a8f2db3efc8bb1e4afd9858837d4e52707dee8aea6009189f71b0bf558fec,4cd276fcefcfba7eb7a780414f487f36b9421a2988911013e2951c755e7fc34b,pass,pass,pass,pass,pass,pass,pass,pass,keep,Baseline sheet reviewed; no rubric defect observed.,339a8f2db3efc8bb1e4afd9858837d4e52707dee8aea6009189f71b0bf558fec,4cd276fcefcfba7eb7a780414f487f36b9421a2988911013e2951c755e7fc34b
